8471.52, -9541.10, 3119.29, 246.47, 756.71, 39.81, -648.33, -163.34, 179.12
8700.48, -9381.94, 3216.37, 541.64, 1041.38, -319.76, -541.14, 61.19, 89.82
8471.52, -9792.09, 2201.68, 363.46, 1148.15, -253.72, -590.33, -25.94, 224.06
8700.48, -9971.44, 1568.49, 6.34, 867.76, -320.45, -455.14, 105.13, 209.71
8700.48, -10002.18, 2368.26, 383.86, 1137.61, -109.26, -618.22, -144.10, 189.36
8471.52, -9098.28, 2520.05, 59.28, 1428.81, -460.07, -653.19, -77.61, 225.11
8929.44, -9722.67, 2080.59, 568.68, 1095.02, -206.73, -672.13, -6.08, 124.78
8471.52, -9567.81, 2655.74, 203.14, 1056.95, -365.75, -569.14, -3.53, 212.75
8471.52, -10081.65, 1944.99, 36.50, 1198.96, -68.40, -807.57, -47.98, 296.92
8700.48, -9513.36, 1877.25, 83.37, 1094.44, 33.65, -644.82, -41.26, 191.28
8471.52, -9274.81, 3198.83, 359.05, 1031.90, -110.66, -566.59, 15.21, 105.83
8700.48, -9189.99, 2945.05, 600.69, 1254.06, -123.94, -308.10, 163.04, 251.47
8471.52, -9651.22, 2243.89, 234.43, 1170.48, -210.66, -545.94, -17.93, 200.49
8700.48, -9915.35, 2925.63, 222.91, 1267.14, -461.64, -443.12, -8.31, 203.67
8700.48, -9879.65, 1372.39, -131.66, 1105.34, 52.62, -665.24, -142.12, 204.74
8700.48, -10065.46, 2514.80, 288.25, 1171.75, -56.18, -751.38, 2.60, 189.33
8471.52, -9824.00, 2937.35, 337.37, 946.51, -315.05, -540.45, 48.10, 175.76
8700.48, -9685.17, 1998.41, 264.74, 1043.85, -75.68, -650.73, -47.26, 233.43
8471.52, -9664.54, 2293.85, 246.73, 1264.84, -184.44, -749.45, -27.92, 195.42
8929.44, -9721.73, 2609.31, 319.48, 1123.91, -249.92, -648.36, -1.37, 133.62
8471.52, -9911.67, 1478.12, 200.39, 1010.47, 5.32, -769.64, -20.00, 219.21
8700.48, -9498.74, 3114.98, 488.34, 1302.26, -392.34, -341.54, 26.35, 220.54
8700.48, -9791.81, 1516.39, -27.62, 1179.34, 171.11, -679.67, -100.09, 212.09
8471.52, -9819.07, 2209.26, 156.28, 1177.57, -96.01, -650.30, -87.75, 183.34
8471.52, -9737.17, 1433.60, -108.29, 1178.62, 268.50, -722.34, -166.19, 103.70
8700.48, -9615.00, 2343.62, 254.95, 1168.96, -433.71, -654.30, 5.83, 188.80
8471.52, -9671.34, 2687.67, 107.46, 1052.29, -359.14, -792.15, 116.56, 318.20
8700.48, -9570.70, 2413.16, 78.72, 1181.53, -63.33, -649.89, -19.68, 192.96
8471.52, -9572.58, 3091.32, 109.85, 847.47, -112.99, -680.31, 11.59, 263.92
8471.52, -9591.38, 2492.76, -17.12, 1009.96, -109.57, -842.66, -14.27, 221.88
8700.48, -9902.58, 3350.69, 339.07, 893.81, 21.64, -772.07, -56.16, 195.10
8700.48, -9852.71, 3125.82, 4.52, 910.16, 60.86, -747.91, -57.42, 212.13
8471.52, -9567.90, 2179.35, 307.07, 1195.54, -202.09, -610.91, 55.42, 145.25
8471.52, -9531.71, 1466.24, 244.36, 956.35, -432.77, -759.47, -86.78, 263.93
8929.44, -9856.17, 2575.76, 7.90, 1092.61, -372.14, -820.59, 29.75, 189.01
8242.56, -9589.50, 2759.47, 190.05, 1143.48, -220.99, -507.43, -50.78, 253.19
8700.48, -9296.08, 2727.50, 122.66, 1168.25, -435.99, -643.90, 2.16, 89.95
8700.48, -9465.33, 1984.14, 406.78, 964.08, -235.70, -889.06, -96.88, 238.09
8700.48, -9578.55, 1907.08, 145.68, 1189.93, -167.24, -564.08, 4.80, 247.72
8700.48, -9313.72, 2091.77, 42.61, 1155.37, -179.67, -580.98, -58.45, 226.51
8700.48, -9348.39, 2556.03, 114.93, 1284.71, -278.41, -662.56, -6.67, 108.60
8700.48, -9565.82, 1746.22, 6.33, 1050.50, -70.08, -725.09, -13.90, 209.76
8471.52, -9598.20, 2433.59, 349.12, 1060.04, -185.86, -450.76, 84.15, 181.50
8700.48, -9501.71, 1998.46, 458.98, 840.62, 8.40, -691.94, -44.29, 313.65
8471.52, -9951.03, 2278.53, 168.17, 1146.94, -311.64, -505.73, -45.98, 188.66
8700.48, -9377.28, 3088.56, 118.67, 1011.73, -227.03, -808.84, 7.87, 172.07
8700.48, -9770.36, 2466.09, 545.00, 1406.49, 46.01, -486.62, 85.07, 235.05
8471.52, -9775.82, 2547.53, 231.25, 1203.47, -174.07, -615.52, -38.96, 219.15
8700.48, -9654.05, 2201.29, -23.47, 1059.61, -73.00, -652.34, -86.04, 72.74
8700.48, -9681.60, 2633.66, -115.05, 1138.90, -102.47, -882.14, -73.44, 106.91
8700.48, -9418.93, 2088.35, 134.80, 1203.48, -223.23, -578.45, -50.84, 242.08
8242.56, -9543.94, 1955.34, 20.41, 951.24, 16.67, -572.85, -123.24, 201.30
8700.48, -9748.28, 2676.25, 133.31, 1026.20, -231.81, -615.42, -31.11, 169.85
8700.48, -9823.17, 2367.28, 214.78, 1124.12, -224.99, -619.69, -123.72, 191.90
8700.48, -9747.81, 2555.20, 264.59, 1063.41, -181.00, -579.91, -33.53, 138.67
8700.48, -9587.23, 2210.53, 173.35, 1136.62, -65.95, -112.01, -68.62, 157.86
8471.52, -9085.86, 2078.48, 411.39, 1363.41, -24.64, -727.42, 44.06, 131.95
8700.48, -9667.62, 3014.96, 394.25, 916.43, -350.81, -529.04, 30.03, 139.64
8700.48, -9822.74, 2767.11, 411.58, 1123.03, -293.68, -504.37, -65.59, 165.57
8471.52, -9485.90, 3106.89, 353.83, 1081.76, -300.20, -613.97, 47.48, 195.07
8700.48, -10547.51, 1124.50, -32.36, 926.15, -375.05, -376.44, 19.95, 195.36
8700.48, -9485.18, 2454.23, 326.60, 1149.48, -103.59, -708.12, 12.19, 159.82
8471.52, -9458.24, 1927.09, 164.78, 1262.32, -124.05, -689.21, -33.37, 137.73
8700.48, -9782.89, 2792.24, 383.01, 1043.46, -425.62, -515.88, 35.66, 247.49
8471.52, -9762.39, 2461.59, 347.96, 1029.49, -379.00, -591.19, 18.79, 314.15
8700.48, -9474.27, 3075.33, 122.85, 1126.72, -489.93, -570.21, 30.88, 178.71
8700.48, -9599.81, 2436.10, 345.11, 1149.60, 57.00, -890.93, -62.65, 235.07
8700.48, -9899.81, 2285.57, 193.67, 1059.22, -241.79, -635.65, -19.22, 275.86
8700.48, -9783.66, 2255.50, 294.17, 1040.97, -251.36, -523.56, 41.13, 176.11
8700.48, -9760.30, 2586.67, 376.60, 1450.48, -203.70, -583.69, -53.55, 233.31
8700.48, -9816.13, 1735.21, 75.18, 1061.16, 108.15, -566.08, -47.34, 190.63
8471.52, -9664.83, 1707.73, 61.40, 1132.29, -112.89, -700.24, -24.36, 162.69
8700.48, -9328.87, 2410.28, 501.56, 1095.74, -23.52, -609.23, -43.45, 66.67
8471.52, -9417.82, 1698.66, -42.95, 989.35, 150.38, -352.86, -111.14, 64.76
8700.48, -10041.89, 1922.79, 219.15, 1152.94, 2.16, -931.22, -22.27, 132.27
8471.52, -9894.11, 1827.21, 279.54, 1146.17, -16.70, -653.58, -194.07, 261.33
8929.44, -9464.44, 2497.74, 290.31, 1163.96, -209.63, -715.00, -16.28, 163.51
8700.48, -9507.19, 3334.03, 337.95, 905.97, -272.05, -556.28, -19.17, 212.13
8700.48, -9602.71, 2617.07, 264.61, 971.12, 60.98, -629.28, -10.59, 200.40
8471.52, -9449.02, 2546.34, 215.54, 1236.14, -210.35, -656.28, -61.42, 49.38
8471.52, -9747.27, 3139.16, 164.71, 1017.68, -296.45, -678.89, 62.21, 276.79
8700.48, -9780.59, 3373.64, 462.16, 865.19, -286.69, -417.78, -97.25, 140.20
8700.48, -9774.37, 2515.90, 396.11, 1012.51, -363.40, -561.01, 17.90, 265.59
8471.52, -9923.59, 2777.18, 345.21, 1154.88, -229.34, -595.02, -83.76, 142.16
8700.48, -9528.58, 2674.01, -157.28, 1268.60, -240.27, -805.73, -50.49, 176.83
8700.48, -9811.57, 2442.46, 396.92, 1112.78, -395.85, -474.92, 59.50, 203.85
8471.52, -9880.18, 2829.18, 41.30, 1312.20, -344.66, -701.20, -81.32, 194.81
8471.52, -9731.18, 2961.38, -46.49, 867.29, 124.90, -872.47, -6.87, 204.01
8700.48, -9732.57, 2436.51, 336.41, 1117.23, -228.39, -577.79, -59.88, 115.46
8471.52, -9734.82, 2585.33, 321.78, 1051.55, -470.10, -578.29, 11.99, 157.08
8700.48, -10183.76, 1607.39, 134.20, 1245.94, -148.20, -445.81, -99.80, 136.65
8700.48, -9640.21, 1928.89, 187.07, 1162.99, 20.51, -527.88, -87.91, 160.34
8700.48, -9627.58, 3303.25, 197.81, 865.75, -127.93, -792.88, -1.40, 232.14
8471.52, -9734.27, 3014.67, 240.80, 1188.55, -237.15, -627.21, 38.29, 145.77
8700.48, -9614.91, 2827.67, 358.76, 978.14, -361.83, -442.46, -36.14, 168.31
8700.48, -9601.22, 1939.02, 259.98, 921.74, -417.09, -735.49, 43.62, 226.88
8700.48, -9636.00, 2666.18, 232.78, 1174.70, -219.29, -472.38, -60.57, 188.38
8700.48, -10146.68, 2211.78, 173.15, 1044.50, -152.33, -716.37, -135.95, 191.08
8471.52, -9495.29, 2308.57, 55.27, 1182.94, -198.71, -711.18, -64.49, 121.60
8929.44, -10142.56, 2070.96, 76.68, 1268.39, -93.57, -609.97, -5.24, 178.57
8471.52, -9573.22, 1460.36, 197.57, 1220.66, 156.85, -797.32, -99.76, 146.69
8471.52, -9635.53, 2236.64, 605.62, 1066.97, -326.49, -935.53, -3.68, 356.37
8700.48, -9438.47, 2869.92, 322.19, 1206.84, -357.20, -449.85, 68.82, 273.92
8700.48, -9337.68, 2772.14, 279.99, 1566.35, -373.05, -580.72, -15.64, 101.71
8700.48, -9672.40, 1453.35, 146.08, 998.89, -265.92, -636.43, -209.09, 259.97
8471.52, -9601.68, 1375.15, 313.88, 1380.31, 73.44, -694.97, -165.41, 222.17
8700.48, -9645.41, 2236.87, 293.45, 1282.45, -234.15, -685.62, 44.59, 273.76
8471.52, -10071.55, 2814.74, 324.28, 1047.06, -317.54, -568.42, -4.10, 114.99
8700.48, -9293.16, 1839.23, 134.29, 1464.23, -201.10, -649.22, -154.20, 139.24
8700.48, -9768.46, 2208.77, 13.24, 1162.39, -146.45, -692.89, -137.83, 199.17
8471.52, -9793.83, 2183.27, 107.60, 982.11, -212.81, -738.38, 43.11, 205.21
8700.48, -9594.71, 2952.59, 343.69, 1210.32, -350.14, -548.41, -5.26, 237.51
8471.52, -9759.43, 2117.99, 110.04, 1406.04, -141.04, -531.88, -138.56, 183.94
8700.48, -9431.88, 2799.90, 171.18, 1098.97, -52.85, -431.83, -133.25, 103.85
8471.52, -9649.99, 2559.93, 227.49, 1149.23, -268.86, -880.55, -87.48, 225.30
8471.52, -9687.19, 2884.11, 318.46, 1114.74, -370.67, -687.85, 32.18, 194.94
8700.48, -9312.54, 3738.81, 333.52, 786.88, -82.94, -708.15, 7.80, 263.83
8471.52, -9259.37, 2802.11, 352.18, 1104.20, 63.85, -745.04, -21.82, 181.21
8700.48, -9509.99, 2167.19, 40.58, 1330.62, -145.89, -616.70, -127.27, 199.57
8471.52, -9703.68, 2946.45, 503.59, 1120.21, -451.93, -536.58, 42.06, 163.60
8700.48, -9846.19, 3071.30, 282.59, 1187.37, -84.65, -457.81, -94.41, 186.62
8471.52, -9436.52, 2515.90, 296.30, 1321.31, -148.98, -415.52, 20.14, 185.71
8700.48, -9552.91, 2415.54, 156.31, 1042.17, -196.92, -636.25, -16.37, 179.25
8471.52, -9553.53, 2113.73, 244.95, 1239.66, -221.80, -403.81, -36.55, 242.62
8700.48, -9548.09, 1513.01, 449.31, 1307.76, -193.02, -807.12, -43.80, 170.43
8700.48, -9371.68, 2567.96, 344.05, 1210.09, -195.66, -530.79, 30.96, 173.43
8700.48, -9727.16, 1824.35, 217.50, 1121.79, -129.04, -729.97, -28.50, 196.71
8471.52, -9699.20, 2477.05, 179.90, 1178.73, -535.33, -496.33, -79.81, 275.70
8700.48, -9754.18, 2533.35, 245.10, 1065.04, -177.69, -639.22, -23.60, 112.47
8700.48, -9870.34, 2497.74, 286.89, 1197.63, -260.28, -534.54, 15.22, 189.10
8700.48, -9910.21, 2548.15, 474.26, 1276.41, 64.34, -601.23, 52.77, 222.63
8471.52, -9742.48, 1392.39, 338.68, 1060.84, 105.85, -881.29, -98.35, 62.11
8700.48, -9967.65, 2000.12, 203.11, 1134.88, -72.74, -699.57, -136.44, 191.11
8471.52, -9635.56, 2967.06, 498.41, 998.61, -350.18, -439.97, -44.29, 175.61
8700.48, -9435.77, 2261.95, 509.29, 1530.06, -0.48, -371.57, 41.21, 217.57
8700.48, -9889.14, 2958.87, 165.74, 1215.03, -280.74, -561.32, -87.80, 109.49
8700.48, -10536.78, 1689.00, 60.06, 1070.91, -158.88, -466.22, -38.15, 155.12
8471.52, -9468.42, 1895.05, 197.58, 1168.54, -108.01, -628.91, -60.41, 151.50
8700.48, -9775.45, 3326.71, 326.64, 872.82, -63.39, -569.54, -80.95, 101.77
8700.48, -9159.69, 3519.08, 63.96, 1209.20, -238.75, -427.20, -117.59, 224.24
8471.52, -9222.30, 1841.25, 11.59, 1094.89, -159.87, -676.92, -151.09, 214.84
8700.48, -9742.64, 2533.04, 396.09, 1099.86, -258.77, -666.17, -5.07, 244.90
8471.52, -10036.59, 1220.22, -100.67, 1019.24, 210.30, -571.59, 40.95, 166.55
8700.48, -9834.01, 2546.19, 178.40, 1075.08, -86.73, -660.11, -36.78, 251.01
8471.52, -9821.01, 1573.06, 160.47, 1096.19, -2.44, -554.55, -44.18, 132.99
8700.48, -9582.79, 2893.13, 363.16, 1005.54, 131.02, -552.01, -46.65, 229.19
8471.52, -9337.62, 3129.95, 261.13, 1087.49, 101.36, -699.21, -35.87, 167.77
8700.48, -10081.38, 2132.89, 180.14, 1136.88, -26.37, -689.67, -118.50, 213.72
8700.48, -9625.22, 2468.08, 138.77, 1120.36, -115.71, -709.38, -69.98, 235.21
8700.48, -9545.58, 2605.71, 317.88, 1071.57, -347.75, -592.17, -22.80, 165.28
8471.52, -9536.16, 2864.63, 158.25, 1030.90, -208.87, -681.96, -40.08, 209.44
8700.48, -9498.90, 2957.57, 298.15, 1124.80, -233.46, -621.44, -48.09, 114.10
8471.52, -9378.38, 2367.45, 264.45, 1050.41, -255.12, -676.55, 12.20, 228.42
8700.48, -9834.04, 2363.92, 185.87, 1123.14, -89.36, -596.19, 62.04, 195.85
8700.48, -9561.04, 2039.92, 471.48, 1084.80, -237.87, -853.16, -30.96, 140.87
8471.52, -10137.41, 1903.08, -58.16, 1126.31, -117.45, -630.56, -113.41, 169.56
8700.48, -9284.18, 2445.80, 241.96, 1185.15, -390.49, -508.08, -10.45, 152.17
8471.52, -9903.43, 1828.16, 210.36, 1029.66, -209.58, -724.21, -116.61, 187.91
8700.48, -9782.29, 2555.67, 235.25, 1102.86, -290.49, -685.36, 28.21, 201.42
8700.48, -9655.82, 2018.48, 120.66, 1128.13, -215.19, -694.80, -27.01, 160.54
8471.52, -9738.59, 2771.78, 460.45, 1162.93, -366.11, -548.96, 23.92, 195.91
8700.48, -9696.70, 2670.14, 291.52, 1065.71, -202.82, -658.50, -24.57, 264.50
8700.48, -9109.52, 3153.00, -47.24, 1172.54, -256.55, -319.56, 42.72, 178.58
8471.52, -9981.97, 2185.99, -129.97, 943.46, 120.08, -681.91, -88.06, 228.51
8700.48, -9840.50, 2098.01, 212.96, 1070.56, -119.97, -626.86, -26.76, 185.00
8700.48, -9259.59, 2578.50, 96.42, 1119.88, -178.44, -618.05, 25.78, 153.43
8700.48, -9715.81, 2929.19, 332.15, 1033.44, -309.54, -559.06, -11.58, 151.48
8471.52, -9908.89, 2673.65, 413.64, 1047.79, -436.89, -582.72, 105.95, 192.81
8700.48, -9531.43, 2832.00, 351.42, 1156.20, -243.41, -422.31, 56.82, 191.98
8700.48, -9613.65, 2520.27, 236.46, 935.12, -208.97, -555.56, 4.57, 178.93
8471.52, -9800.32, 2742.91, 267.66, 1045.04, -310.02, -509.11, 117.93, 192.00
8700.48, -9420.26, 2873.58, 212.04, 1083.31, -240.49, -546.37, -60.56, 191.74
8700.48, -10387.96, 2321.93, 276.86, 1085.78, -243.61, -645.83, 35.99, 182.11
8700.48, -9671.47, 3274.96, 246.89, 1009.52, -259.37, -777.57, 41.50, 213.16
8471.52, -10025.38, 2796.87, 477.96, 1115.22, -372.37, -537.30, -54.74, 181.25
8700.48, -9679.23, 2101.17, 344.63, 1500.34, -114.77, -592.00, 0.14, 221.29
8471.52, -9465.58, 3628.68, 43.11, 1233.71, -317.69, -497.36, -131.12, 200.86
8700.48, -9258.50, 2241.92, 227.54, 1289.83, -387.59, -530.35, 1.37, 150.55
8471.52, -9893.25, 2724.82, 212.23, 1088.51, -198.57, -531.83, -144.65, 170.77
8700.48, -9721.31, 2250.86, 113.63, 1125.90, -248.27, -744.49, -71.05, 221.16
8700.48, -9620.61, 2453.68, 97.92, 946.75, -232.62, -625.76, -36.58, 177.65
8471.52, -9844.49, 1917.89, 16.54, 1047.28, -2.05, -614.66, -99.89, 223.69
8700.48, -9915.48, 2570.91, 390.41, 1018.13, -262.90, -523.50, 19.65, 191.13
8471.52, -10063.94, 2608.70, 398.93, 1102.42, -360.06, -602.63, 30.21, 122.99
8471.52, -10033.51, 2709.49, 241.96, 908.26, -241.26, -535.97, -47.58, 199.37
8700.48, -9630.32, 2385.55, 227.10, 923.92, -146.68, -616.45, -14.21, 195.78
8700.48, -9612.09, 2687.16, 269.01, 1145.59, -273.64, -683.88, 68.73, 195.68
8471.52, -9845.38, 2583.57, 447.99, 1122.12, -377.01, -626.65, 5.89, 196.94
8700.48, -9676.51, 2565.73, 450.05, 1125.64, -334.63, -623.56, 63.63, 222.65
8471.52, -9522.60, 2334.50, 58.13, 971.36, -99.83, -759.74, -41.54, 181.70
8700.48, -9900.42, 2481.77, 393.85, 1107.42, -238.05, -633.62, -50.39, 159.39
8471.52, -9629.92, 2996.53, 338.84, 1077.89, -286.17, -631.13, 45.55, 227.80
8929.44, -9714.80, 2614.42, 48.56, 1082.03, -190.86, -692.66, -39.82, 265.04
8471.52, -9456.56, 3376.71, 535.70, 1207.77, -400.18, -524.73, 20.42, 225.14
8700.48, -9797.98, 2823.13, 298.73, 1033.29, -391.84, -516.46, 51.34, 90.11
8471.52, -9923.83, 2604.89, 546.39, 1106.64, -273.12, -576.81, -61.84, 177.59
8471.52, -9635.60, 2031.88, 269.08, 997.65, -144.47, -780.89, 3.03, 249.72
8700.48, -9678.13, 2402.70, 222.87, 1073.37, -217.13, -676.11, -18.60, 182.55
8471.52, -9619.46, 2612.31, 534.05, 1079.31, -301.36, -700.10, 54.89, 60.17
8700.48, -9864.19, 2641.55, 134.10, 979.67, -245.13, -561.30, -59.21, 179.69
8471.52, -9936.17, 2690.90, 307.53, 1145.00, -165.80, -847.80, -53.51, 85.58
8700.48, -10004.99, 2384.55, 289.43, 1192.90, -257.29, -549.95, -39.89, 156.92
8700.48, -9889.75, 2428.25, 46.51, 1226.69, 68.87, -673.25, -28.12, 294.50
8471.52, -9738.76, 2697.72, 268.04, 1100.02, -303.87, -603.61, -22.15, 250.24
8471.52, -10023.82, 3030.19, 413.78, 1026.54, -335.42, -727.16, 63.75, 136.03
8700.48, -9663.12, 2241.26, 299.14, 1186.61, -229.49, -601.67, -136.90, 231.46
8700.48, -10023.43, 2338.19, 500.51, 1141.12, -257.13, -725.72, 14.70, 203.22
8700.48, -9378.59, 1926.45, 494.55, 1205.14, -144.24, -738.05, 50.20, 151.51
8471.52, -9859.68, 3025.52, 345.80, 1113.11, -430.08, -473.98, 52.33, 200.36
8700.48, -9683.81, 2777.01, 386.30, 995.72, -258.08, -606.53, 52.75, 215.69
8700.48, -10129.12, 2793.65, 155.52, 1071.60, -258.71, -703.86, 22.93, 192.26
8700.48, -9697.01, 2366.90, 169.56, 1143.12, -267.02, -651.53, -74.39, 159.47
8242.56, -9320.80, 1885.86, 232.81, 1437.63, -207.67, -426.67, -36.27, 209.02
8700.48, -9678.78, 2479.38, 323.53, 986.15, -370.28, -371.70, 16.90, 185.59
8700.48, -9824.86, 2544.19, 408.70, 1002.70, -275.98, -568.38, 15.37, 145.94
8471.52, -10237.66, 2193.19, 181.93, 1062.17, -213.55, -539.14, -42.35, 226.02
8700.48, -9448.01, 2309.85, 323.61, 1200.52, -320.98, -697.17, -136.71, 167.20
8471.52, -9050.85, 1495.22, -316.56, -143.04, -1375.28, -530.18, -520.99, 1386.67
8929.44, -10629.47, 1414.53, 28.60, 899.78, -232.12, -625.01, -17.01, 250.35
8700.48, -10531.98, 2135.27, 45.60, 1163.70, -190.45, -381.61, 4.51, 283.51
8471.52, -9663.46, 2997.71, 241.35, 943.55, -69.16, -570.28, -152.78, 167.39
8471.52, -10050.74, 1559.72, 147.01, 805.07, -474.89, -406.92, -181.42, 177.08
8700.48, -9957.60, 2546.62, 298.35, 1164.43, -201.06, -492.86, 57.56, 206.64
8471.52, -9889.42, 2397.87, 244.94, 1153.26, -300.45, -579.86, 53.26, 234.14
8700.48, -9304.62, 2221.93, 286.15, 1231.32, 29.93, -728.07, -22.00, 189.99
8700.48, -9758.29, 2521.37, 256.69, 1104.15, -205.98, -695.19, -56.93, 220.82
8471.52, -9709.85, 2710.70, 257.75, 934.83, -52.77, -506.27, -88.36, 242.55
8471.52, -9626.90, 3212.09, 232.99, 1273.15, -488.66, -730.53, 42.29, 121.17
8700.48, -9842.17, 1848.70, 268.05, 1166.34, -54.76, -714.30, -55.32, 114.34
8471.52, -9595.12, 2254.46, -48.05, 1136.69, -138.70, -717.39, 13.56, 202.29
8700.48, -9839.90, 2954.01, 350.85, 1051.32, -316.40, -556.40, 78.59, 291.77
8700.48, -9796.68, 2467.12, 137.43, 992.19, -140.61, -521.42, -134.25, 137.43
8242.56, -9607.89, 2226.38, 193.59, 1014.72, -169.25, -522.84, -16.37, 96.67
8700.48, -9582.47, 2467.82, 115.06, 1484.97, -389.35, -491.76, -132.60, 184.36
8700.48, -10230.90, 1629.76, -9.36, 994.29, -79.55, -405.72, -48.31, 122.15
8700.48, -9538.61, 2305.89, 195.03, 980.02, -262.54, -644.78, -43.46, 175.83
8700.48, -9676.62, 2452.11, 214.13, 1094.20, -377.99, -580.18, -25.42, 184.73
8471.52, -9473.74, 2113.41, 179.02, 1069.87, -82.18, -754.60, -21.22, 82.01
8700.48, -10004.52, 2605.89, 292.17, 1046.28, -184.26, -475.92, -35.47, 218.04
8471.52, -9795.51, 2257.33, 168.75, 1132.53, -126.33, -580.56, -73.17, 189.98
8471.52, -9598.30, 2432.58, 402.51, 1001.25, 50.87, -557.38, -82.85, 218.78
8929.44, -9625.62, 2892.86, -111.77, 1119.47, -89.62, -689.02, -119.82, 247.81
8471.52, -9233.10, 2272.98, 213.79, 1122.16, -171.30, -652.97, 2.96, 132.71
8471.52, -9783.18, 2180.83, 78.86, 1119.91, -184.31, -560.77, -28.24, 200.68
8700.48, -10092.69, 1116.68, -67.51, 1400.63, 79.86, -412.04, -67.62, 166.30
8700.48, -9813.63, 1443.65, 155.11, 1060.12, -118.97, -509.77, 9.25, 240.88
8700.48, -9864.56, 2012.29, 90.51, 1138.92, -71.51, -655.34, 14.11, 219.94
8471.52, -9722.14, 3024.50, 321.20, 1140.76, -432.18, -614.81, 30.15, 167.45
8471.52, -9855.52, 1745.51, -370.29, 1087.47, -216.43, -776.52, -15.20, 209.98
8700.48, -9920.11, 1892.03, 46.88, 1156.05, -101.26, -744.94, -39.72, 180.23
8471.52, -9748.37, 1629.88, 169.70, 942.95, -218.42, -477.15, 13.79, 168.55
8471.52, -9400.15, 2437.80, 221.01, 1054.13, -135.91, -901.20, 8.35, 166.89
8700.48, -9947.48, 2457.43, 319.27, 1016.60, -338.88, -721.65, -60.90, 235.81
8700.48, -9489.60, 2550.09, -244.13, 1355.50, -100.39, -700.83, 0.70, 332.71
8471.52, -9481.04, 1771.51, 207.81, 1493.56, -137.94, -492.22, 27.69, 199.28
8700.48, -10055.81, 2292.05, 377.64, 962.39, -612.27, -588.18, 104.27, 240.90
8700.48, -9758.02, 3039.55, 355.30, 1147.91, -349.87, -597.41, 120.57, 236.52
8471.52, -9106.94, 2921.65, 6.75, 1150.53, -451.73, -822.59, 82.03, 161.73
8700.48, -9878.33, 2475.34, 266.98, 1167.34, -321.16, -687.45, -13.80, 180.04
8471.52, -9880.05, 1812.70, 78.66, 982.74, 33.03, -554.94, -101.51, 179.10
8700.48, -9439.58, 2474.11, 409.80, 1143.43, -311.23, -580.05, 61.48, 170.38
8700.48, -9233.99, 3134.37, 9.65, 1059.50, -279.73, -881.03, -61.34, 208.65
8471.52, -9769.04, 2050.83, 391.76, 928.92, -372.66, -754.15, -106.07, 171.34
8700.48, -9648.37, 2451.85, 325.44, 914.91, -266.11, -565.88, 73.77, 158.23
8471.52, -9674.71, 2576.44, 32.14, 1149.68, -257.95, -757.71, -23.70, 177.70
8471.52, -9733.52, 1726.56, 152.32, 1012.07, -55.23, -547.55, -131.19, 255.90
8471.52, -9227.51, 2738.33, 293.01, 1303.95, -382.03, -383.58, 24.03, 154.63
8700.48, -9598.94, 2088.67, 253.54, 922.27, -551.34, -497.81, -70.47, 250.65
8471.52, -9849.60, 1945.84, -107.75, 1182.97, 103.28, -743.64, -84.64, 212.63
8700.48, -9303.36, 3025.27, -137.39, 1151.01, -257.99, -760.83, -40.68, 273.83
8471.52, -9644.57, 2444.51, 31.86, 1151.81, -53.16, -497.50, -131.34, 129.72
8700.48, -9772.90, 2578.69, 206.99, 1062.30, -208.82, -582.87, -43.98, 206.40
8471.52, -9260.44, 2282.81, 43.66, 1347.68, -343.36, -491.42, -114.31, 185.16
8700.48, -9616.21, 2274.91, 271.28, 1091.14, -176.86, -657.46, -30.34, 273.21
8471.52, -9718.27, 2534.59, 93.11, 1103.50, -211.72, -612.05, -76.27, 230.28
8700.48, -9779.72, 2786.56, 284.40, 1089.02, -325.51, -626.63, -3.93, 233.82
8471.52, -9727.27, 2470.03, 194.74, 1162.61, -205.50, -664.56, -0.77, 200.27
8700.48, -10077.61, 2194.92, 242.12, 1300.88, -138.64, -576.69, 30.99, 254.08
8700.48, -9432.36, 2314.67, 256.32, 1054.18, -39.75, -746.19, -37.18, 209.51
8471.52, -9729.89, 1890.92, 84.10, 996.23, -120.62, -681.42, 8.06, 179.11
8700.48, -9613.78, 2847.19, 258.60, 1186.50, -13.65, -746.22, -69.31, 217.52
8471.52, -9375.01, 2564.79, 135.78, 974.88, -211.68, -610.84, -85.50, 170.19
8471.52, -9639.30, 1945.65, 267.61, 965.29, -99.27, -874.23, -128.95, 203.35
8471.52, -9245.04, 3206.66, -37.31, 938.91, -139.28, -923.35, -94.45, 224.04
8700.48, -9574.29, 1908.33, 244.85, 1102.11, -211.34, -520.88, 116.28, 152.76
8471.52, -9586.37, 1660.17, 152.46, 998.79, -91.39, -429.86, -82.46, 196.77
8700.48, -10225.72, 1986.44, 154.19, 1018.54, -336.69, -440.97, 60.60, 136.54
8471.52, -9731.84, 1854.53, -39.57, 1020.43, -66.63, -764.49, -113.90, 200.27
8471.52, -9655.07, 2326.00, 213.10, 1100.37, -98.81, -568.54, -47.69, 130.17
8471.52, -10035.61, 1975.82, 103.01, 1296.46, -42.96, -643.12, 71.38, 187.27
8700.48, -9772.22, 1483.07, 51.50, 1118.04, -65.02, -500.41, -4.68, 101.13
8471.52, -9429.00, 2331.11, 232.43, 1190.52, -254.30, -594.53, -42.82, 191.68
8700.48, -9680.30, 1946.48, 300.32, 854.12, -540.09, -635.18, 75.33, 175.63
8700.48, -10213.95, 2200.57, 347.45, 1081.54, -213.64, -639.70, 4.67, 171.90
8471.52, -9563.81, 1817.36, 149.30, 1057.46, -210.24, -480.98, -37.90, 218.14
8700.48, -9381.07, 2768.41, 130.92, 1174.90, -394.68, -646.40, 39.74, 204.17
8471.52, -10015.11, 1318.71, 503.88, 861.73, -376.41, -782.49, 139.81, 247.46
8471.52, -9448.76, 2627.49, 341.74, 1112.87, -216.89, -556.99, 30.04, 163.72
8700.48, -9718.50, 2657.14, 261.52, 1043.80, -324.24, -574.75, 5.91, 267.23
8471.52, -9760.64, 2142.83, 208.65, 1012.98, -134.70, -661.15, -52.51, 300.36
8700.48, -9589.45, 2967.52, 253.50, 1012.64, -338.82, -703.33, 29.73, 198.57
8700.48, -9702.89, 2012.39, 161.29, 1023.50, 2.36, -596.97, -17.28, 177.13
8700.48, -10071.70, 2077.29, 325.17, 1109.49, -246.49, -640.16, -51.88, 250.95
8471.52, -10063.58, 2983.08, 80.66, 921.31, -38.47, -644.32, -6.27, 124.13
8471.52, -9873.23, 2079.64, 274.03, 1212.78, -259.71, -613.08, -130.54, 176.70
8471.52, -9551.52, 2097.78, 117.24, 1114.51, -123.28, -539.77, -90.61, 229.02
8700.48, -9649.76, 2493.53, 31.59, 1229.23, -202.20, -773.49, 63.94, 153.32
8471.52, -9812.84, 2772.98, -80.95, 1451.03, -597.32, -638.60, -57.83, 175.05
8471.52, -9512.37, 2530.26, 360.35, 995.39, -294.57, -485.04, -13.13, 99.54
8700.48, -9471.82, 2589.91, 382.42, 1238.27, -214.74, -449.15, 21.18, 294.04
8471.52, -10146.79, 1691.62, 71.47, 890.23, -150.34, -544.08, -30.12, 253.35
8700.48, -9758.76, 2451.95, 354.45, 958.50, -279.77, -714.16, -112.97, 159.86
8700.48, -9578.06, 1815.81, 422.96, 1061.75, 52.95, -880.27, -58.59, 172.78
8700.48, -9910.81, 2300.92, 87.56, 1011.63, -363.31, -453.03, 148.97, 271.05
8471.52, -9519.76, 2815.29, 404.17, 1222.00, -345.02, -696.15, 47.21, 183.19
8471.52, -10195.24, 1500.01, 115.68, 1027.14, -92.76, -455.67, -49.43, 140.89
8700.48, -9776.17, 2292.37, 300.26, 1160.95, -298.81, -667.56, 14.03, 255.58
8471.52, -9398.99, 2426.62, 178.81, 903.24, -405.25, -527.72, 34.42, 246.13
8700.48, -9592.89, 2231.03, 98.15, 1103.49, -207.35, -545.81, 53.20, 186.06
8700.48, -9278.20, 2551.21, 450.83, 1006.35, -446.85, -493.34, 5.98, 171.23
8471.52, -9427.05, 3183.13, 377.30, 825.89, -164.80, -564.82, 35.31, 257.28
8471.52, -10115.29, 2234.72, 283.10, 1252.75, 83.93, -453.14, -42.39, 171.28
8700.48, -9378.84, 1869.53, 95.58, 1258.54, -257.41, -599.94, -129.52, 179.44
8471.52, -9661.91, 2203.75, 477.08, 1175.82, -234.13, -724.57, 12.93, 239.89
8700.48, -9690.84, 2499.18, 269.89, 1068.04, -314.52, -683.85, -52.01, 228.78
8700.48, -9569.87, 2125.40, 288.45, 1039.85, -290.37, -738.61, -92.04, 295.91
8700.48, -9597.86, 2236.05, 219.10, 1133.92, -345.32, -518.74, 0.44, 210.33
8700.48, -9968.81, 1779.19, 170.19, 1022.00, -85.14, -638.39, -140.11, 163.61
8471.52, -9839.77, 2537.93, 376.77, 1128.97, -280.47, -607.95, 40.33, 202.05
8471.52, -9590.59, 3174.13, 170.97, 1087.23, -180.29, -791.69, 86.65, 220.92
8471.52, -9649.72, 2365.10, 396.16, 1030.83, -280.72, -510.56, 34.35, 296.47
8471.52, -9544.43, 3119.73, 447.10, 809.66, -371.91, -509.69, 10.02, 114.10
8700.48, -9980.31, 1731.19, -25.90, 741.37, 70.27, -514.52, -144.57, 196.44
8471.52, -9602.79, 2397.48, 262.57, 1105.35, -506.77, -649.52, -20.42, 207.58
8700.48, -9248.01, 2124.12, 126.95, 1188.41, -244.73, -495.76, -99.10, 143.26
