55.00, 131.46, 2.44
55.10, 411.87, 1.37
55.20, 715.14, 0.93
55.30, 972.20, 0.57
55.40, 1153.56, 0.23
55.50, 1236.92, -0.10
55.60, 1209.79, -0.43
55.70, 1070.02, -0.75
55.80, 825.77, -1.08
55.90, 495.84, -1.42
56.00, 110.97, -1.88
56.10, 300.42, 1.20
56.20, 690.43, 0.85
56.30, 1024.34, 0.52
56.40, 1265.17, 0.20
56.50, 1385.02, -0.11
56.60, 1365.07, -0.42
56.70, 1199.54, -0.73
56.80, 897.34, -1.02
56.90, 480.60, -1.26
57.00, 78.33, 0.19
57.10, 569.58, 0.97
57.20, 1090.44, 0.71
57.30, 1547.87, 0.42
57.40, 1886.28, 0.11
57.50, 2065.53, -0.20
57.60, 2053.32, -0.52
57.70, 1834.50, -0.83
57.80, 1413.05, -1.16
57.90, 813.46, -1.51
58.00, 98.96, -2.52
58.10, 753.61, 1.18
58.20, 1579.17, 0.81
58.30, 2332.80, 0.48
58.40, 2935.27, 0.16
58.50, 3302.83, -0.16
58.60, 3371.19, -0.48
58.70, 3088.99, -0.80
58.80, 2424.13, -1.12
58.90, 1374.46, -1.46
59.00, 69.09, 2.40
59.10, 1766.82, 1.13
59.20, 3739.12, 0.80
59.30, 5857.90, 0.48
59.40, 8021.46, 0.16
59.50, 10107.29, -0.16
59.60, 12001.32, -0.48
59.70, 13606.32, -0.79
59.80, 14818.66, -1.10
59.90, 15569.61, -1.42
60.00, 15817.08, -1.73
60.10, 15545.64, -2.05
60.20, 14770.08, -2.36
60.30, 13533.62, -2.68
60.40, 11912.59, -2.99
60.50, 9994.63, 2.98
60.60, 7894.21, 2.67
60.70, 5720.89, 2.36
60.80, 3596.24, 2.06
60.90, 1622.61, 1.78
61.00, 155.92, -2.54
61.10, 1524.94, -2.13
61.20, 2570.55, -2.41
61.30, 3227.95, -2.71
61.40, 3503.27, -3.02
61.50, 3427.30, 2.95
61.60, 3049.91, 2.64
61.70, 2440.36, 2.33
61.80, 1675.22, 2.02
61.90, 839.31, 1.71
62.00, 16.78, 2.32
62.10, 740.23, -2.09
62.20, 1350.45, -2.40
62.30, 1779.55, -2.71
62.40, 2005.89, -3.03
62.50, 2025.33, 2.94
62.60, 1852.53, 2.62
62.70, 1517.72, 2.30
62.80, 1064.75, 1.97
62.90, 543.39, 1.60
63.00, 62.60, -0.15
63.10, 506.79, -1.93
63.20, 929.60, -2.30
63.30, 1240.91, -2.64
63.40, 1417.16, -2.96
63.50, 1449.64, 3.01
63.60, 1344.47, 2.70
63.70, 1118.36, 2.39
63.80, 801.34, 2.09
63.90, 427.31, 1.80
64.00, 44.29, 2.16
64.10, 342.40, -2.12
64.20, 659.83, -2.39
64.30, 896.60, -2.68
64.40, 1032.02, -2.99
64.50, 1058.13, 2.99
64.60, 977.45, 2.69
64.70, 801.97, 2.39
64.80, 553.20, 2.09
64.90, 258.14, 1.85
175.00, 13.75, -0.48
175.10, 104.56, -0.55
175.20, 190.49, -0.85
175.30, 262.12, -1.16
175.40, 310.98, -1.47
175.50, 330.57, -1.78
175.60, 317.11, -2.09
175.70, 269.58, -2.41
175.80, 190.30, -2.74
175.90, 85.37, -3.10
176.00, 38.53, 0.04
176.10, 166.89, -0.44
176.20, 290.51, -0.77
176.30, 396.12, -1.09
176.40, 472.63, -1.41
176.50, 510.62, -1.72
176.60, 504.23, -2.04
176.70, 451.08, -2.36
176.80, 353.56, -2.68
176.90, 218.30, -3.02
177.00, 57.49, 2.74
177.10, 121.44, -0.29
177.20, 293.04, -0.68
177.30, 444.75, -1.01
177.40, 559.77, -1.32
177.50, 623.59, -1.63
177.60, 626.46, -1.93
177.70, 562.80, -2.22
177.80, 433.99, -2.48
177.90, 249.98, -2.65
178.00, 80.01, -1.73
178.10, 273.32, -0.74
178.20, 533.70, -0.91
178.30, 775.22, -1.17
178.40, 967.50, -1.46
178.50, 1084.29, -1.76
178.60, 1101.99, -2.07
178.70, 1003.59, -2.38
178.80, 778.33, -2.72
178.90, 426.60, -3.11
179.00, 97.75, 0.82
179.10, 649.08, -0.29
179.20, 1314.40, -0.66
179.30, 2033.54, -0.99
179.40, 2769.73, -1.31
179.50, 3482.29, -1.63
179.60, 4132.22, -1.94
179.70, 4681.62, -2.26
179.80, 5100.54, -2.57
179.90, 5362.67, -2.88
180.00, 5452.51, 3.09
180.10, 5363.97, 2.78
180.20, 5101.51, 2.47
180.30, 4680.65, 2.16
180.40, 4125.31, 1.85
180.50, 3468.21, 1.55
180.60, 2743.28, 1.24
180.70, 1994.64, 0.94
180.80, 1259.96, 0.64
180.90, 578.19, 0.37
181.00, 45.31, 2.07
181.10, 511.12, 2.75
181.20, 871.06, 2.48
181.30, 1096.13, 2.18
181.40, 1187.94, 1.89
181.50, 1156.59, 1.59
181.60, 1019.77, 1.30
181.70, 802.53, 1.02
181.80, 532.91, 0.78
181.90, 247.52, 0.71
182.00, 121.44, 2.14
182.10, 345.95, 2.52
182.20, 553.52, 2.32
182.30, 699.25, 2.06
182.40, 772.53, 1.77
182.50, 771.44, 1.47
182.60, 701.50, 1.16
182.70, 573.50, 0.85
182.80, 403.21, 0.52
182.90, 209.22, 0.14
183.00, 29.77, -1.36
183.10, 181.79, 2.97
183.20, 337.67, 2.58
183.30, 452.45, 2.25
183.40, 517.69, 1.93
183.50, 530.27, 1.62
183.60, 492.75, 1.31
183.70, 411.62, 1.01
183.80, 297.60, 0.72
183.90, 164.11, 0.46
184.00, 30.81, 0.75
184.10, 110.09, 2.67
184.20, 219.30, 2.45
184.30, 298.08, 2.17
184.40, 339.49, 1.86
184.50, 340.70, 1.55
184.60, 303.35, 1.24
184.70, 232.49, 0.90
184.80, 137.10, 0.53
184.90, 32.45, -0.33
295.00, 81.22, 2.28
295.10, 175.35, 2.53
295.20, 274.36, 2.37
295.30, 354.20, 2.11
295.40, 403.57, 1.83
295.50, 415.29, 1.52
295.60, 385.98, 1.21
295.70, 316.85, 0.87
295.80, 213.34, 0.48
295.90, 89.82, -0.17
296.00, 86.97, -2.46
296.10, 225.97, 3.14
296.20, 359.37, 2.74
296.30, 466.77, 2.40
296.40, 535.03, 2.07
296.50, 555.27, 1.75
296.60, 522.55, 1.44
296.70, 437.37, 1.14
296.80, 305.00, 0.85
296.90, 136.91, 0.66
297.00, 65.60, 2.81
297.10, 258.14, 2.85
297.20, 441.02, 2.59
297.30, 591.07, 2.29
297.40, 690.78, 1.99
297.50, 726.44, 1.69
297.60, 689.14, 1.39
297.70, 576.84, 1.10
297.80, 394.17, 0.82
297.90, 154.96, 0.69
298.00, 142.44, 2.93
298.10, 440.17, 2.83
298.20, 732.39, 2.56
298.30, 986.22, 2.26
298.40, 1172.76, 1.96
298.50, 1265.02, 1.66
298.60, 1241.78, 1.36
298.70, 1087.66, 1.06
298.80, 797.23, 0.78
298.90, 375.09, 0.58
299.00, 199.77, 2.79
299.10, 838.02, 2.79
299.20, 1560.33, 2.52
299.30, 2320.20, 2.23
299.40, 3078.57, 1.92
299.50, 3794.35, 1.61
299.60, 4427.63, 1.30
299.70, 4941.90, 0.99
299.80, 5309.16, 0.68
299.90, 5507.78, 0.36
300.00, 5527.17, 0.05
300.10, 5366.21, -0.27
300.20, 5034.87, -0.58
300.30, 4552.89, -0.90
300.40, 3949.35, -1.22
300.50, 3257.14, -1.54
300.60, 2516.22, -1.86
300.70, 1766.90, -2.19
300.80, 1048.65, -2.54
300.90, 399.33, -2.99
301.00, 190.32, 0.50
301.10, 621.93, -0.14
301.20, 936.30, -0.50
301.30, 1119.82, -0.84
301.40, 1176.63, -1.17
301.50, 1119.84, -1.49
301.60, 968.86, -1.81
301.70, 748.60, -2.13
301.80, 486.07, -2.46
301.90, 208.84, -2.81
302.00, 58.26, 0.26
302.10, 289.09, -0.21
302.20, 468.93, -0.54
302.30, 585.45, -0.86
302.40, 633.25, -1.18
302.50, 613.52, -1.50
302.60, 533.06, -1.81
302.70, 403.71, -2.12
302.80, 240.66, -2.41
302.90, 62.41, -2.53
303.00, 119.99, -0.10
303.10, 281.61, -0.34
303.20, 413.01, -0.65
303.30, 503.97, -0.96
303.40, 548.47, -1.28
303.50, 545.31, -1.60
303.60, 497.39, -1.93
303.70, 411.87, -2.27
303.80, 298.69, -2.63
303.90, 170.74, -3.05
304.00, 52.24, 2.24
304.10, 102.53, 0.12
304.20, 204.19, -0.42
304.30, 281.68, -0.79
304.40, 327.02, -1.13
304.50, 337.91, -1.45
304.60, 315.46, -1.76
304.70, 264.32, -2.05
304.80, 191.95, -2.29
304.90, 109.93, -2.38
415.00, 47.92, -3.08
415.10, 27.35, 1.71
415.20, 53.82, 0.52
415.30, 85.70, -0.01
415.40, 109.56, -0.40
415.50, 121.83, -0.75
415.60, 120.99, -1.06
415.70, 107.26, -1.34
415.80, 82.66, -1.54
415.90, 53.36, -1.51
416.00, 41.86, -0.91
416.10, 69.49, -0.53
416.20, 108.82, -0.63
416.30, 144.82, -0.88
416.40, 171.60, -1.19
416.50, 185.64, -1.53
416.60, 185.43, -1.92
416.70, 172.01, -2.36
416.80, 149.88, -2.89
416.90, 129.48, 2.72
417.00, 127.52, 1.91
417.10, 152.22, 1.15
417.20, 192.42, 0.55
417.30, 233.19, 0.05
417.40, 263.98, -0.38
417.50, 277.82, -0.78
417.60, 270.21, -1.16
417.70, 239.41, -1.53
417.80, 185.95, -1.92
417.90, 113.28, -2.35
418.00, 32.93, 2.99
418.10, 76.77, 0.64
418.20, 168.08, 0.13
418.30, 249.19, -0.26
418.40, 308.81, -0.62
418.50, 337.15, -0.97
418.60, 326.22, -1.33
418.70, 270.31, -1.71
418.80, 168.07, -2.17
418.90, 54.19, 2.62
419.00, 203.10, 0.91
419.10, 438.08, 0.44
419.20, 704.77, 0.07
419.30, 988.45, -0.28
419.40, 1274.82, -0.62
419.50, 1548.19, -0.95
419.60, 1793.95, -1.27
419.70, 1997.75, -1.60
419.80, 2147.26, -1.92
419.90, 2233.71, -2.24
420.00, 2251.68, -2.56
420.10, 2199.11, -2.88
420.20, 2078.66, 3.08
420.30, 1896.82, 2.76
420.40, 1663.44, 2.44
420.50, 1390.96, 2.12
420.60, 1094.85, 1.80
420.70, 790.36, 1.48
420.80, 494.17, 1.14
420.90, 220.33, 0.78
421.00, 28.00, -1.80
421.10, 214.83, -2.81
421.20, 357.19, 3.12
421.30, 445.43, 2.79
421.40, 480.33, 2.47
421.50, 466.24, 2.16
421.60, 410.50, 1.85
421.70, 322.77, 1.55
421.80, 214.29, 1.26
421.90, 97.22, 1.05
422.00, 26.43, 2.99
422.10, 124.69, -3.03
422.20, 206.94, 2.99
422.30, 263.02, 2.70
422.40, 289.58, 2.40
422.50, 286.35, 2.10
422.60, 255.73, 1.79
422.70, 202.38, 1.49
422.80, 132.67, 1.18
422.90, 54.36, 0.89
423.00, 24.84, -2.64
423.10, 97.10, -2.91
423.20, 155.85, 3.08
423.30, 196.14, 2.78
423.40, 214.76, 2.48
423.50, 210.81, 2.19
423.60, 185.49, 1.91
423.70, 142.10, 1.65
423.80, 86.14, 1.48
423.90, 31.49, 1.89
424.00, 57.59, -3.07
424.10, 116.22, -3.12
424.20, 166.85, 2.94
424.30, 202.83, 2.67
424.40, 220.72, 2.39
424.50, 219.10, 2.11
424.60, 198.42, 1.82
424.70, 160.83, 1.55
424.80, 110.14, 1.29
424.90, 51.47, 1.12
55.00, 73.25, -2.15
55.10, 260.06, 1.08
55.20, 574.61, 0.72
55.30, 842.90, 0.39
55.40, 1036.78, 0.06
55.50, 1133.10, -0.26
55.60, 1118.37, -0.59
55.70, 989.25, -0.92
55.80, 753.46, -1.28
55.90, 431.52, -1.69
56.00, 103.52, -3.03
56.10, 392.58, 1.29
56.20, 784.33, 0.85
56.30, 1126.38, 0.49
56.40, 1377.30, 0.16
56.50, 1507.24, -0.17
56.60, 1495.88, -0.49
56.70, 1336.07, -0.82
56.80, 1035.21, -1.14
56.90, 613.65, -1.46
57.00, 105.64, -1.88
57.10, 444.53, 1.09
57.20, 982.51, 0.76
57.30, 1458.42, 0.44
57.40, 1815.90, 0.11
57.50, 2013.83, -0.21
57.60, 2017.99, -0.53
57.70, 1811.99, -0.86
57.80, 1398.67, -1.20
57.90, 803.69, -1.60
58.00, 154.19, -3.02
58.10, 807.35, 1.28
58.20, 1650.03, 0.87
58.30, 2431.11, 0.52
58.40, 3066.94, 0.20
58.50, 3471.72, -0.13
58.60, 3578.72, -0.44
58.70, 3334.04, -0.75
58.80, 2703.69, -1.06
58.90, 1683.23, -1.35
59.00, 313.21, -1.33
59.10, 1434.33, 1.01
59.20, 3404.08, 0.74
59.30, 5533.47, 0.44
59.40, 7719.28, 0.14
59.50, 9838.35, -0.17
59.60, 11775.00, -0.49
59.70, 13430.89, -0.80
59.80, 14699.88, -1.11
59.90, 15510.71, -1.42
60.00, 15819.27, -1.74
60.10, 15607.35, -2.05
60.20, 14887.24, -2.36
60.30, 13700.50, -2.68
60.40, 12121.02, -2.99
60.50, 10235.90, 2.98
60.60, 8158.01, 2.67
60.70, 5996.90, 2.35
60.80, 3874.71, 2.04
60.90, 1893.28, 1.73
61.00, 153.00, 1.37
61.10, 1278.42, -2.03
61.20, 2348.77, -2.35
61.30, 3031.73, -2.66
61.40, 3332.40, -2.97
61.50, 3280.01, 3.01
61.60, 2923.31, 2.70
61.70, 2330.40, 2.41
61.80, 1578.52, 2.13
61.90, 757.34, 1.93
62.00, 189.18, -2.81
62.10, 861.07, -2.25
62.20, 1472.29, -2.48
62.30, 1908.77, -2.77
62.40, 2144.30, -3.07
62.50, 2172.33, 2.90
62.60, 2005.80, 2.59
62.70, 1673.73, 2.26
62.80, 1219.13, 1.93
62.90, 692.03, 1.54
63.00, 171.15, 0.70
63.10, 405.38, -1.80
63.20, 844.21, -2.26
63.30, 1178.79, -2.61
63.40, 1380.49, -2.94
63.50, 1437.96, 3.01
63.60, 1355.28, 2.69
63.70, 1147.44, 2.37
63.80, 842.81, 2.05
63.90, 473.98, 1.72
64.00, 79.47, 1.27
64.10, 305.42, -1.98
64.20, 639.87, -2.32
64.30, 899.36, -2.64
64.40, 1061.54, -2.96
64.50, 1116.50, 3.00
64.60, 1064.43, 2.69
64.70, 914.98, 2.37
64.80, 687.13, 2.05
64.90, 405.41, 1.72
175.00, 66.62, -0.05
175.10, 175.61, -0.45
175.20, 279.21, -0.77
175.30, 366.78, -1.07
175.40, 428.69, -1.37
175.50, 457.55, -1.67
175.60, 449.17, -1.96
175.70, 402.31, -2.24
175.80, 319.61, -2.51
175.90, 208.29, -2.73
176.00, 82.84, -2.68
176.10, 84.21, -0.95
176.20, 213.79, -0.90
176.30, 331.19, -1.12
176.40, 419.14, -1.38
176.50, 466.79, -1.65
176.60, 467.59, -1.92
176.70, 419.29, -2.17
176.80, 325.65, -2.38
176.90, 200.01, -2.43
177.00, 109.40, -1.72
177.10, 215.23, -1.00
177.20, 382.40, -1.05
177.30, 537.87, -1.27
177.40, 657.45, -1.53
177.50, 724.04, -1.81
177.60, 726.40, -2.11
177.70, 657.83, -2.41
177.80, 518.64, -2.72
177.90, 315.95, -3.06
178.00, 67.07, 2.59
178.10, 224.78, -0.32
178.20, 515.34, -0.69
178.30, 785.85, -1.02
178.40, 1007.28, -1.33
178.50, 1152.72, -1.64
178.60, 1197.39, -1.95
178.70, 1123.10, -2.26
178.80, 917.72, -2.56
178.90, 579.18, -2.84
179.00, 116.81, -2.87
179.10, 472.89, -0.48
179.20, 1141.29, -0.74
179.30, 1869.01, -1.03
179.40, 2619.70, -1.34
179.50, 3352.33, -1.64
179.60, 4027.37, -1.95
179.70, 4606.31, -2.26
179.80, 5058.18, -2.57
179.90, 5355.70, -2.88
180.00, 5482.20, 3.09
180.10, 5430.43, 2.78
180.20, 5203.91, 2.47
180.30, 4816.73, 2.15
180.40, 4292.00, 1.84
180.50, 3661.42, 1.53
180.60, 2958.15, 1.21
180.70, 2225.67, 0.89
180.80, 1501.39, 0.57
180.90, 824.30, 0.21
181.00, 231.75, -0.32
181.10, 284.35, 3.08
181.20, 652.70, 2.62
181.30, 894.38, 2.28
181.40, 1006.98, 1.97
181.50, 999.13, 1.66
181.60, 887.39, 1.36
181.70, 695.55, 1.08
181.80, 450.72, 0.85
181.90, 190.45, 0.84
182.00, 140.31, 2.46
182.10, 364.57, 2.61
182.20, 560.74, 2.40
182.30, 698.09, 2.13
182.40, 766.92, 1.84
182.50, 765.39, 1.55
182.60, 698.82, 1.26
182.70, 577.76, 0.98
182.80, 417.82, 0.72
182.90, 238.55, 0.54
183.00, 80.31, 0.97
183.10, 148.42, 2.29
183.20, 282.30, 2.21
183.30, 380.22, 1.96
183.40, 430.01, 1.67
183.50, 428.27, 1.35
183.60, 377.89, 1.01
183.70, 286.73, 0.61
183.80, 170.80, 0.06
183.90, 89.51, -1.27
184.00, 174.77, -2.62
184.10, 303.10, 3.11
184.20, 415.42, 2.71
184.30, 495.86, 2.35
184.40, 536.36, 2.02
184.50, 533.24, 1.70
184.60, 487.69, 1.38
184.70, 404.35, 1.08
184.80, 292.05, 0.79
184.90, 161.95, 0.56
295.00, 50.78, -1.57
295.10, 114.99, -2.88
295.20, 200.31, 2.88
295.30, 272.78, 2.50
295.40, 321.56, 2.16
295.50, 339.60, 1.83
295.60, 322.96, 1.52
295.70, 271.49, 1.24
295.80, 188.86, 1.01
295.90, 87.35, 1.04
296.00, 76.71, 2.51
296.10, 197.03, 2.66
296.20, 320.22, 2.45
296.30, 425.04, 2.17
296.40, 498.64, 1.88
296.50, 531.78, 1.57
296.60, 518.46, 1.25
296.70, 457.32, 0.92
296.80, 351.47, 0.56
296.90, 210.12, 0.13
297.00, 66.23, -0.99
297.10, 162.36, -2.99
297.20, 332.77, 2.79
297.30, 483.41, 2.42
297.40, 594.30, 2.09
297.50, 650.59, 1.77
297.60, 641.73, 1.47
297.70, 563.36, 1.18
297.80, 418.07, 0.95
297.90, 222.40, 0.90
298.00, 134.63, 2.15
298.10, 374.94, 2.56
298.20, 657.96, 2.38
298.30, 922.04, 2.11
298.40, 1136.04, 1.82
298.50, 1271.74, 1.51
298.60, 1305.91, 1.20
298.70, 1220.08, 0.87
298.80, 1004.77, 0.52
298.90, 660.41, 0.11
299.00, 232.72, -0.77
299.10, 467.03, -3.02
299.20, 1128.00, 2.72
299.30, 1859.73, 2.34
299.40, 2615.62, 2.00
299.50, 3354.68, 1.67
299.60, 4036.37, 1.35
299.70, 4622.40, 1.03
299.80, 5081.32, 0.71
299.90, 5386.63, 0.39
300.00, 5522.11, 0.07
300.10, 5479.63, -0.24
300.20, 5262.67, -0.56
300.30, 4884.27, -0.87
300.40, 4367.63, -1.19
300.50, 3740.94, -1.50
300.60, 3040.93, -1.81
300.70, 2305.96, -2.11
300.80, 1575.60, -2.40
300.90, 887.22, -2.66
301.00, 284.55, -2.70
301.10, 283.00, -0.69
301.20, 671.49, -0.77
301.30, 944.60, -1.03
301.40, 1092.00, -1.33
301.50, 1120.47, -1.64
301.60, 1044.36, -1.97
301.70, 884.99, -2.30
301.80, 667.43, -2.66
301.90, 420.11, -3.07
302.00, 183.00, 2.51
302.10, 145.38, 0.56
302.20, 318.57, -0.26
302.30, 463.36, -0.69
302.40, 550.57, -1.04
302.50, 574.97, -1.37
302.60, 539.24, -1.67
302.70, 452.42, -1.94
302.80, 329.00, -2.15
302.90, 193.15, -2.18
303.00, 119.48, -1.49
303.10, 204.29, -0.95
303.20, 321.63, -1.02
303.30, 415.30, -1.25
303.40, 470.77, -1.53
303.50, 483.15, -1.84
303.60, 452.87, -2.16
303.70, 385.16, -2.51
303.80, 288.92, -2.89
303.90, 177.58, 2.90
304.00, 81.80, 1.89
304.10, 109.58, 0.24
304.20, 198.56, -0.45
304.30, 271.89, -0.90
304.40, 315.73, -1.29
304.50, 325.84, -1.67
304.60, 302.40, -2.07
304.70, 249.98, -2.49
304.80, 178.25, -3.02
304.90, 110.72, 2.42
415.00, 161.88, -1.53
415.10, 144.51, -1.63
415.20, 129.92, -1.66
415.30, 122.12, -1.66
415.40, 120.53, -1.67
415.50, 119.97, -1.73
415.60, 114.22, -1.84
415.70, 99.01, -1.98
415.80, 72.57, -2.11
415.90, 36.98, -2.04
416.00, 26.56, -0.60
416.10, 73.79, -0.26
416.20, 127.31, -0.41
416.30, 177.21, -0.63
416.40, 217.85, -0.88
416.50, 244.32, -1.15
416.60, 252.97, -1.41
416.70, 241.96, -1.67
416.80, 211.19, -1.93
416.90, 162.81, -2.15
417.00, 102.09, -2.28
417.10, 46.02, -1.86
417.20, 69.37, -0.77
417.30, 132.77, -0.74
417.40, 188.64, -0.93
417.50, 226.27, -1.17
417.60, 239.38, -1.44
417.70, 224.34, -1.71
417.80, 180.02, -1.97
417.90, 108.41, -2.19
418.00, 23.19, -1.58
418.10, 103.56, -0.03
418.20, 221.43, -0.22
418.30, 336.03, -0.48
418.40, 435.07, -0.77
418.50, 506.57, -1.06
418.60, 539.89, -1.36
418.70, 526.15, -1.65
418.80, 459.43, -1.95
418.90, 337.10, -2.23
419.00, 161.08, -2.44
419.10, 73.23, -0.15
419.20, 336.88, -0.16
419.30, 632.77, -0.42
419.40, 943.33, -0.72
419.50, 1251.82, -1.02
419.60, 1541.72, -1.32
419.70, 1796.56, -1.62
419.80, 2001.36, -1.93
419.90, 2144.55, -2.23
420.00, 2217.92, -2.54
420.10, 2216.67, -2.84
420.20, 2141.15, 3.13
420.30, 1995.96, 2.83
420.40, 1789.67, 2.53
420.50, 1533.97, 2.22
420.60, 1244.26, 1.92
420.70, 936.33, 1.63
420.80, 628.02, 1.34
420.90, 334.96, 1.09
421.00, 77.71, 1.16
421.10, 158.18, -3.00
421.20, 328.57, 3.10
421.30, 445.59, 2.83
421.40, 507.09, 2.55
421.50, 515.74, 2.26
421.60, 477.71, 1.97
421.70, 401.97, 1.70
421.80, 299.60, 1.44
421.90, 183.38, 1.24
422.00, 72.47, 1.40
422.10, 76.40, 2.86
422.20, 164.90, 2.94
422.30, 236.99, 2.74
422.40, 282.32, 2.48
422.50, 298.57, 2.21
422.60, 286.73, 1.93
422.70, 250.38, 1.66
422.80, 195.07, 1.39
422.90, 127.98, 1.15
423.00, 57.20, 1.02
423.10, 20.91, 2.77
423.20, 75.16, 3.13
423.30, 119.46, 2.94
423.40, 146.25, 2.73
423.50, 154.42, 2.52
423.60, 145.83, 2.36
423.70, 126.30, 2.30
423.80, 108.02, 2.39
423.90, 109.23, 2.62
424.00, 135.96, 2.76
424.10, 174.58, 2.72
424.20, 211.59, 2.57
424.30, 238.71, 2.36
424.40, 251.29, 2.12
424.50, 247.19, 1.86
424.60, 226.33, 1.59
424.70, 190.44, 1.32
424.80, 142.87, 1.05
424.90, 88.02, 0.80
55.00, 162.33, -1.37
55.10, 217.90, 0.76
55.20, 559.29, 0.63
55.30, 859.73, 0.37
55.40, 1085.36, 0.07
55.50, 1210.38, -0.23
55.60, 1219.25, -0.53
55.70, 1107.03, -0.84
55.80, 880.15, -1.15
55.90, 556.57, -1.47
56.00, 166.02, -1.82
56.10, 256.69, 1.11
56.20, 667.79, 0.77
56.30, 1026.94, 0.46
56.40, 1293.72, 0.14
56.50, 1437.04, -0.17
56.60, 1434.90, -0.48
56.70, 1278.76, -0.79
56.80, 975.47, -1.11
56.90, 544.94, -1.42
57.00, 21.62, -1.58
57.10, 547.72, 1.09
57.20, 1109.09, 0.78
57.30, 1609.96, 0.47
57.40, 1991.81, 0.16
57.50, 2211.62, -0.15
57.60, 2233.36, -0.46
57.70, 2039.13, -0.77
57.80, 1630.37, -1.08
57.90, 1029.64, -1.38
58.00, 277.51, -1.63
58.10, 570.93, 1.06
58.20, 1434.14, 0.78
58.30, 2232.18, 0.47
58.40, 2883.60, 0.17
58.50, 3300.81, -0.14
58.60, 3416.21, -0.45
58.70, 3174.76, -0.75
58.80, 2541.84, -1.05
58.90, 1514.19, -1.33
59.00, 172.34, -0.81
59.10, 1634.69, 1.02
59.20, 3621.81, 0.75
59.30, 5767.23, 0.45
59.40, 7965.87, 0.15
59.50, 10092.03, -0.16
59.60, 12028.57, -0.47
59.70, 13675.77, -0.78
59.80, 14926.49, -1.09
59.90, 15710.24, -1.40
60.00, 15983.92, -1.72
60.10, 15730.87, -2.03
60.20, 14965.99, -2.34
60.30, 13733.89, -2.65
60.40, 12111.57, -2.97
60.50, 10188.41, 3.01
60.60, 8080.59, 2.69
60.70, 5899.18, 2.38
60.80, 3767.77, 2.07
60.90, 1788.28, 1.76
61.00, 59.84, 1.40
61.10, 1350.57, -2.01
61.20, 2393.97, -2.32
61.30, 3047.15, -2.63
61.40, 3318.42, -2.94
61.50, 3240.60, 3.03
61.60, 2865.35, 2.72
61.70, 2263.28, 2.42
61.80, 1512.34, 2.12
61.90, 699.04, 1.87
62.00, 127.73, -2.28
62.10, 825.89, -2.08
62.20, 1396.91, -2.36
62.30, 1784.95, -2.66
62.40, 1970.20, -2.96
62.50, 1950.74, 3.02
62.60, 1743.82, 2.71
62.70, 1381.77, 2.40
62.80, 910.04, 2.10
62.90, 379.08, 1.84
63.00, 161.54, -1.88
63.10, 652.16, -2.05
63.20, 1056.00, -2.34
63.30, 1340.10, -2.64
63.40, 1483.96, -2.95
63.50, 1481.62, 3.02
63.60, 1341.82, 2.71
63.70, 1083.59, 2.41
63.80, 739.47, 2.10
63.90, 344.64, 1.81
64.00, 62.62, -1.84
64.10, 440.70, -2.01
64.20, 755.79, -2.31
64.30, 983.12, -2.61
64.40, 1103.79, -2.92
64.50, 1111.84, 3.06
64.60, 1011.78, 2.75
64.70, 817.72, 2.46
64.80, 553.21, 2.18
64.90, 247.54, 1.98
175.00, 63.34, -1.70
175.10, 102.70, -1.06
175.20, 173.51, -1.07
175.30, 240.30, -1.26
175.40, 290.22, -1.50
175.50, 315.51, -1.76
175.60, 311.71, -2.03
175.70, 277.22, -2.30
175.80, 214.00, -2.54
175.90, 128.82, -2.69
176.00, 48.90, -2.09
176.10, 108.58, -0.97
176.20, 211.48, -1.06
176.30, 302.12, -1.30
176.40, 367.28, -1.59
176.50, 397.71, -1.90
176.60, 387.83, -2.23
176.70, 336.06, -2.59
176.80, 246.65, -3.01
176.90, 136.95, 2.57
177.00, 111.92, 0.93
177.10, 242.02, -0.01
177.20, 394.20, -0.49
177.30, 530.04, -0.87
177.40, 630.47, -1.22
177.50, 680.65, -1.55
177.60, 670.82, -1.87
177.70, 595.31, -2.19
177.80, 454.98, -2.49
177.90, 257.05, -2.77
178.00, 29.62, -2.04
178.10, 259.36, -0.47
178.20, 532.44, -0.73
178.30, 783.48, -1.03
178.40, 985.15, -1.34
178.50, 1112.07, -1.66
178.60, 1140.88, -1.98
178.70, 1054.69, -2.31
178.80, 842.55, -2.65
178.90, 504.96, -3.05
179.00, 111.03, 1.80
179.10, 558.46, -0.13
179.20, 1212.30, -0.56
179.30, 1925.72, -0.90
179.40, 2660.94, -1.23
179.50, 3377.58, -1.56
179.60, 4036.90, -1.88
179.70, 4601.13, -2.19
179.80, 5039.91, -2.51
179.90, 5326.35, -2.83
180.00, 5443.78, 3.14
180.10, 5384.87, 2.83
180.20, 5152.53, 2.51
180.30, 4760.44, 2.20
180.40, 4231.03, 1.88
180.50, 3595.32, 1.57
180.60, 2885.99, 1.26
180.70, 2146.13, 0.95
180.80, 1412.91, 0.64
180.90, 725.03, 0.35
181.00, 117.28, 0.26
181.10, 394.28, 2.74
181.20, 777.12, 2.46
181.30, 1027.88, 2.15
181.40, 1146.27, 1.84
181.50, 1140.39, 1.52
181.60, 1026.07, 1.20
181.70, 826.53, 0.87
181.80, 567.80, 0.53
181.90, 280.50, 0.11
182.00, 57.27, -1.88
182.10, 290.52, 3.01
182.20, 511.27, 2.61
182.30, 671.50, 2.26
182.40, 760.44, 1.94
182.50, 774.78, 1.62
182.60, 718.40, 1.30
182.70, 600.49, 0.99
182.80, 435.56, 0.69
182.90, 241.11, 0.41
183.00, 41.46, 0.60
183.10, 165.44, 2.68
183.20, 337.41, 2.43
183.30, 471.44, 2.13
183.40, 557.46, 1.82
183.50, 590.41, 1.50
183.60, 570.94, 1.17
183.70, 503.76, 0.83
183.80, 398.42, 0.47
183.90, 268.43, 0.05
184.00, 135.57, -0.61
184.10, 91.74, -2.29
184.20, 191.61, 3.00
184.30, 292.38, 2.53
184.40, 363.74, 2.16
184.50, 397.82, 1.83
184.60, 393.20, 1.52
184.70, 352.48, 1.24
184.80, 282.92, 1.00
184.90, 196.17, 0.86
295.00, 46.83, -0.81
295.10, 90.66, -2.88
295.20, 192.26, 2.84
295.30, 284.61, 2.44
295.40, 355.25, 2.08
295.50, 395.71, 1.73
295.60, 400.50, 1.39
295.70, 367.83, 1.05
295.80, 299.34, 0.71
295.90, 200.59, 0.35
296.00, 81.32, -0.14
296.10, 57.16, -2.96
296.20, 183.55, 2.74
296.30, 297.11, 2.37
296.40, 383.18, 2.03
296.50, 431.63, 1.69
296.60, 435.46, 1.37
296.70, 392.03, 1.04
296.80, 303.09, 0.71
296.90, 175.36, 0.37
297.00, 21.07, -0.32
297.10, 150.33, 2.97
297.20, 316.15, 2.62
297.30, 460.78, 2.29
297.40, 567.06, 1.97
297.50, 620.22, 1.64
297.60, 609.22, 1.32
297.70, 528.70, 0.99
297.80, 379.27, 0.65
297.90, 168.68, 0.24
298.00, 96.77, -2.79
298.10, 382.27, 2.97
298.20, 674.28, 2.62
298.30, 942.99, 2.28
298.40, 1160.36, 1.96
298.50, 1298.59, 1.63
298.60, 1334.31, 1.30
298.70, 1248.69, 0.97
298.80, 1031.61, 0.63
298.90, 681.58, 0.24
299.00, 224.43, -0.48
299.10, 427.21, -3.06
299.20, 1100.69, 2.73
299.30, 1839.27, 2.36
299.40, 2600.12, 2.03
299.50, 3342.29, 1.70
299.60, 4024.85, 1.38
299.70, 4608.97, 1.06
299.80, 5062.80, 0.74
299.90, 5359.70, 0.42
300.00, 5483.52, 0.11
300.10, 5426.54, -0.21
300.20, 5192.95, -0.52
300.30, 4796.78, -0.83
300.40, 4262.54, -1.14
300.50, 3619.73, -1.45
300.60, 2906.66, -1.75
300.70, 2163.29, -2.04
300.80, 1430.89, -2.32
300.90, 750.03, -2.53
301.00, 198.92, -2.16
301.10, 408.05, -0.61
301.20, 770.97, -0.73
301.30, 1011.75, -0.99
301.40, 1122.13, -1.28
301.50, 1110.08, -1.58
301.60, 991.62, -1.88
301.70, 789.88, -2.19
301.80, 531.44, -2.51
301.90, 244.70, -2.83
302.00, 42.50, 0.19
302.10, 302.96, -0.26
302.20, 516.97, -0.58
302.30, 668.64, -0.90
302.40, 748.87, -1.21
302.50, 755.52, -1.53
302.60, 692.77, -1.84
302.70, 570.81, -2.15
302.80, 404.08, -2.47
302.90, 210.29, -2.78
303.00, 7.96, -3.01
303.10, 184.33, -0.27
303.20, 349.97, -0.58
303.30, 476.14, -0.89
303.40, 553.73, -1.20
303.50, 578.77, -1.51
303.60, 551.83, -1.82
303.70, 478.52, -2.12
303.80, 367.94, -2.42
303.90, 232.44, -2.69
304.00, 87.17, -2.81
304.10, 67.65, -0.69
304.20, 194.11, -0.75
304.30, 297.13, -1.01
304.40, 366.05, -1.32
304.50, 396.29, -1.63
304.60, 386.90, -1.96
304.70, 341.17, -2.31
304.80, 265.88, -2.70
304.90, 172.38, 3.10
415.00, 96.26, 1.54
415.10, 132.20, 0.95
415.20, 170.12, 0.47
415.30, 203.56, 0.06
415.40, 228.07, -0.33
415.50, 240.48, -0.70
415.60, 238.83, -1.05
415.70, 222.77, -1.40
415.80, 193.13, -1.74
415.90, 152.18, -2.07
416.00, 103.48, -2.40
416.10, 51.41, -2.69
416.20, 5.17, -1.65
416.30, 44.05, -0.46
416.40, 77.28, -0.77
416.50, 96.21, -1.14
416.60, 99.07, -1.56
416.70, 87.22, -2.08
416.80, 69.50, -2.84
416.90, 72.61, 2.36
417.00, 113.38, 1.49
417.10, 172.65, 0.92
417.20, 234.92, 0.48
417.30, 290.52, 0.10
417.40, 331.80, -0.26
417.50, 352.63, -0.60
417.60, 348.47, -0.93
417.70, 317.19, -1.25
417.80, 258.96, -1.54
417.90, 176.91, -1.80
418.00, 79.44, -1.85
418.10, 57.24, -0.20
418.20, 164.65, -0.05
418.30, 271.20, -0.28
418.40, 359.35, -0.56
418.50, 417.58, -0.86
418.60, 436.27, -1.16
418.70, 407.87, -1.47
418.80, 327.78, -1.78
418.90, 194.50, -2.08
419.00, 11.25, -1.97
419.10, 219.30, 0.39
419.20, 484.82, 0.09
419.30, 774.19, -0.22
419.40, 1073.50, -0.54
419.50, 1366.99, -0.85
419.60, 1639.26, -1.16
419.70, 1875.14, -1.48
419.80, 2061.07, -1.79
419.90, 2186.83, -2.11
420.00, 2245.40, -2.42
420.10, 2233.12, -2.73
420.20, 2150.99, -3.04
420.30, 2003.94, 2.93
420.40, 1800.50, 2.62
420.50, 1551.97, 2.31
420.60, 1272.94, 2.00
420.70, 978.22, 1.71
420.80, 684.51, 1.42
420.90, 406.66, 1.18
421.00, 164.10, 1.13
421.10, 95.65, 2.70
421.20, 242.31, 2.91
421.30, 355.09, 2.69
421.40, 418.83, 2.41
421.50, 434.84, 2.11
421.60, 408.50, 1.79
421.70, 347.92, 1.46
421.80, 263.16, 1.11
421.90, 165.80, 0.69
422.00, 72.73, -0.04
422.10, 62.96, -1.94
422.20, 133.05, -2.74
422.30, 192.24, 3.13
422.40, 228.79, 2.78
422.50, 240.52, 2.48
422.60, 228.78, 2.21
422.70, 197.88, 1.99
422.80, 155.70, 1.85
422.90, 116.76, 1.91
423.00, 105.57, 2.20
423.10, 131.36, 2.39
423.20, 170.81, 2.33
423.30, 205.51, 2.13
423.40, 227.13, 1.87
423.50, 232.56, 1.55
423.60, 221.64, 1.20
423.70, 196.79, 0.79
423.80, 163.09, 0.32
423.90, 129.23, -0.28
424.00, 108.91, -1.05
424.10, 113.57, -1.88
424.20, 135.94, -2.56
424.30, 160.58, -3.10
424.40, 177.76, 2.72
424.50, 182.91, 2.31
424.60, 174.49, 1.91
424.70, 152.97, 1.52
424.80, 120.42, 1.13
424.90, 79.95, 0.71
55.00, 95.39, 2.94
55.10, 351.19, 1.31
55.20, 660.81, 0.87
55.30, 918.09, 0.51
55.40, 1092.67, 0.17
55.50, 1162.37, -0.16
55.60, 1115.08, -0.48
55.70, 949.96, -0.80
55.80, 678.39, -1.11
55.90, 322.78, -1.42
56.00, 88.64, 1.31
56.10, 513.20, 1.05
56.20, 913.82, 0.74
56.30, 1246.47, 0.43
56.40, 1474.68, 0.11
56.50, 1570.60, -0.20
56.60, 1516.32, -0.52
56.70, 1308.10, -0.83
56.80, 957.71, -1.16
56.90, 489.43, -1.49
57.00, 62.35, 1.68
57.10, 638.43, 1.09
57.20, 1194.26, 0.76
57.30, 1671.21, 0.44
57.40, 2014.72, 0.12
57.50, 2184.67, -0.19
57.60, 2149.37, -0.51
57.70, 1897.15, -0.82
57.80, 1432.23, -1.14
57.90, 786.35, -1.45
58.00, 8.78, -0.57
58.10, 854.26, 1.04
58.20, 1706.34, 0.73
58.30, 2472.09, 0.42
58.40, 3065.26, 0.10
58.50, 3404.14, -0.21
58.60, 3424.57, -0.53
58.70, 3076.40, -0.85
58.80, 2335.97, -1.18
58.90, 1198.55, -1.53
59.00, 318.24, 1.68
59.10, 2115.30, 1.10
59.20, 4156.05, 0.77
59.30, 6331.52, 0.44
59.40, 8514.32, 0.12
59.50, 10605.12, -0.19
59.60, 12473.81, -0.51
59.70, 14014.76, -0.82
59.80, 15142.88, -1.14
59.90, 15790.38, -1.46
60.00, 15917.72, -1.77
60.10, 15518.41, -2.08
60.20, 14617.98, -2.40
60.30, 13272.24, -2.72
60.40, 11551.19, -3.03
60.50, 9563.08, 2.94
60.60, 7421.83, 2.63
60.70, 5239.09, 2.31
60.80, 3130.67, 2.01
60.90, 1208.17, 1.71
61.00, 445.84, -1.89
61.10, 1760.63, -2.12
61.20, 2702.21, -2.43
61.30, 3252.89, -2.74
61.40, 3428.05, -3.05
61.50, 3265.26, 2.91
61.60, 2821.87, 2.60
61.70, 2169.73, 2.28
61.80, 1391.87, 1.96
61.90, 571.64, 1.62
62.00, 217.98, -1.69
62.10, 904.03, -2.09
62.20, 1436.10, -2.42
62.30, 1779.66, -2.74
62.40, 1918.82, -3.06
62.50, 1858.34, 2.91
62.60, 1620.02, 2.59
62.70, 1239.54, 2.26
62.80, 764.56, 1.92
62.90, 247.42, 1.49
63.00, 271.11, -1.64
63.10, 722.21, -2.06
63.20, 1077.10, -2.39
63.30, 1307.40, -2.72
63.40, 1395.52, -3.04
63.50, 1341.14, 2.92
63.60, 1156.74, 2.60
63.70, 864.58, 2.28
63.80, 498.57, 1.95
63.90, 97.59, 1.53
64.00, 302.52, -1.75
64.10, 660.77, -2.09
64.20, 945.77, -2.41
64.30, 1133.92, -2.73
64.40, 1212.04, -3.05
64.50, 1176.85, 2.92
64.60, 1036.44, 2.61
64.70, 807.79, 2.30
64.80, 515.83, 2.00
64.90, 193.36, 1.79
175.00, 59.84, 0.62
175.10, 145.93, -0.22
175.20, 229.33, -0.66
175.30, 292.36, -1.02
175.40, 326.30, -1.37
175.50, 326.06, -1.70
175.60, 290.12, -2.03
175.70, 220.13, -2.37
175.80, 121.95, -2.73
175.90, 12.47, 2.00
176.00, 124.82, -0.03
176.10, 247.92, -0.40
176.20, 354.47, -0.72
176.30, 432.46, -1.04
176.40, 471.70, -1.36
176.50, 465.39, -1.67
176.60, 411.05, -1.97
176.70, 310.25, -2.26
176.80, 169.91, -2.51
176.90, 25.02, -1.30
177.00, 189.57, -0.26
177.10, 372.46, -0.51
177.20, 536.31, -0.80
177.30, 663.15, -1.09
177.40, 737.92, -1.39
177.50, 748.63, -1.69
177.60, 689.27, -1.99
177.70, 559.30, -2.27
177.80, 365.63, -2.51
177.90, 131.09, -2.45
178.00, 184.72, -0.56
178.10, 468.77, -0.64
178.20, 743.15, -0.89
178.30, 974.38, -1.18
178.40, 1133.85, -1.48
178.50, 1197.64, -1.79
178.60, 1145.39, -2.10
178.70, 964.99, -2.43
178.80, 652.11, -2.77
178.90, 215.54, 3.01
179.00, 356.37, 0.02
179.10, 1003.59, -0.41
179.20, 1716.40, -0.75
179.30, 2457.93, -1.07
179.40, 3188.13, -1.39
179.50, 3869.42, -1.71
179.60, 4459.61, -2.02
179.70, 4927.96, -2.34
179.80, 5246.49, -2.65
179.90, 5397.08, -2.97
180.00, 5369.97, 3.00
180.10, 5167.30, 2.69
180.20, 4800.45, 2.38
180.30, 4291.93, 2.07
180.40, 3669.87, 1.75
180.50, 2970.91, 1.44
180.60, 2231.99, 1.14
180.70, 1495.45, 0.84
180.80, 798.72, 0.57
180.90, 186.13, 0.56
181.00, 360.89, 2.78
181.10, 760.37, 2.57
181.20, 1032.53, 2.28
181.30, 1172.87, 1.98
181.40, 1188.68, 1.66
181.50, 1095.35, 1.34
181.60, 913.56, 1.01
181.70, 670.99, 0.66
181.80, 395.36, 0.27
181.90, 125.71, -0.44
182.00, 170.97, -2.94
182.10, 385.01, 2.79
182.20, 546.84, 2.41
182.30, 642.12, 2.06
182.40, 666.83, 1.72
182.50, 624.15, 1.38
182.60, 523.74, 1.03
182.70, 379.77, 0.65
182.80, 211.45, 0.18
182.90, 67.62, -1.12
183.00, 166.41, -2.90
183.10, 307.42, 2.86
183.20, 414.63, 2.47
183.30, 475.73, 2.11
183.40, 486.51, 1.76
183.50, 447.80, 1.41
183.60, 365.54, 1.04
183.70, 250.61, 0.63
183.80, 120.56, 0.01
183.90, 76.43, -1.96
184.00, 195.19, -2.92
184.10, 312.18, 2.91
184.20, 401.22, 2.53
184.30, 452.66, 2.18
184.40, 462.45, 1.83
184.50, 430.38, 1.49
184.60, 360.70, 1.15
184.70, 260.98, 0.80
184.80, 141.69, 0.39
184.90, 26.20, -0.89
295.00, 93.47, 1.89
295.10, 165.45, 2.24
295.20, 248.34, 2.14
295.30, 312.37, 1.92
295.40, 346.56, 1.66
295.50, 345.28, 1.38
295.60, 306.93, 1.10
295.70, 234.03, 0.81
295.80, 132.72, 0.52
295.90, 12.86, 0.55
296.00, 116.22, 2.98
296.10, 238.62, 2.70
296.20, 342.39, 2.40
296.30, 415.50, 2.10
296.40, 448.36, 1.79
296.50, 435.11, 1.49
296.60, 373.89, 1.19
296.70, 267.80, 0.89
296.80, 124.85, 0.65
296.90, 46.93, 3.06
297.00, 224.09, 3.00
297.10, 395.36, 2.72
297.20, 541.50, 2.42
297.30, 645.39, 2.12
297.40, 693.08, 1.82
297.50, 674.71, 1.52
297.60, 586.13, 1.24
297.70, 430.28, 0.98
297.80, 219.78, 0.85
297.90, 95.17, 2.39
298.00, 350.26, 2.79
298.10, 629.79, 2.58
298.20, 882.23, 2.31
298.30, 1077.00, 2.01
298.40, 1187.04, 1.71
298.50, 1189.29, 1.40
298.60, 1067.29, 1.08
298.70, 811.66, 0.75
298.80, 423.58, 0.38
298.90, 110.58, -2.42
299.00, 720.25, 3.10
299.10, 1422.28, 2.75
299.20, 2172.42, 2.43
299.30, 2931.03, 2.11
299.40, 3658.96, 1.79
299.50, 4314.16, 1.47
299.60, 4861.70, 1.16
299.70, 5268.51, 0.84
299.80, 5511.25, 0.53
299.90, 5575.51, 0.22
300.00, 5457.57, -0.10
300.10, 5164.00, -0.41
300.20, 4712.31, -0.72
300.30, 4128.32, -1.03
300.40, 3444.92, -1.34
300.50, 2700.87, -1.65
300.60, 1938.26, -1.95
300.70, 1195.32, -2.25
300.80, 512.42, -2.49
300.90, 110.46, -0.43
301.00, 574.73, -0.22
301.10, 926.35, -0.49
301.20, 1143.01, -0.78
301.30, 1226.80, -1.09
301.40, 1188.99, -1.41
301.50, 1048.70, -1.72
301.60, 829.65, -2.05
301.70, 560.69, -2.39
301.80, 270.98, -2.79
301.90, 50.33, 1.40
302.00, 277.95, 0.06
302.10, 480.63, -0.32
302.20, 620.04, -0.66
302.30, 688.07, -0.98
302.40, 683.97, -1.30
302.50, 613.78, -1.61
302.60, 488.62, -1.91
302.70, 324.11, -2.19
302.80, 139.16, -2.37
302.90, 62.11, -0.27
303.00, 231.98, -0.20
303.10, 377.23, -0.46
303.20, 481.45, -0.76
303.30, 537.26, -1.06
303.40, 541.93, -1.36
303.50, 497.89, -1.66
303.60, 411.68, -1.96
303.70, 293.55, -2.25
303.80, 156.37, -2.50
303.90, 24.04, -1.85
304.00, 127.39, -0.29
304.10, 243.57, -0.52
304.20, 331.34, -0.81
304.30, 383.76, -1.11
304.40, 397.90, -1.43
304.50, 374.76, -1.75
304.60, 318.58, -2.08
304.70, 236.84, -2.42
304.80, 139.51, -2.83
304.90, 43.64, 2.59
415.00, 121.63, 0.25
415.10, 151.46, -0.06
415.20, 168.14, -0.37
415.30, 169.35, -0.67
415.40, 154.13, -0.97
415.50, 123.04, -1.24
415.60, 78.59, -1.44
415.70, 28.76, -1.20
415.80, 47.38, 0.35
415.90, 107.04, 0.31
416.00, 163.50, 0.07
416.10, 209.26, -0.20
416.20, 239.05, -0.49
416.30, 248.92, -0.79
416.40, 236.56, -1.09
416.50, 201.63, -1.38
416.60, 145.74, -1.67
416.70, 72.78, -1.93
416.80, 14.29, 0.30
416.90, 102.67, 0.43
417.00, 189.58, 0.16
417.10, 265.59, -0.14
417.20, 323.20, -0.44
417.30, 355.86, -0.75
417.40, 358.96, -1.05
417.50, 330.14, -1.36
417.60, 269.67, -1.66
417.70, 180.93, -1.95
417.80, 70.15, -2.17
417.90, 56.86, 0.33
418.00, 185.13, 0.14
418.10, 306.05, -0.15
418.20, 406.96, -0.46
418.30, 476.38, -0.78
418.40, 504.30, -1.11
418.50, 482.90, -1.44
418.60, 408.39, -1.81
418.70, 281.90, -2.25
418.80, 128.95, -3.14
418.90, 191.76, 1.22
419.00, 445.52, 0.56
419.10, 738.40, 0.16
419.20, 1044.61, -0.20
419.30, 1345.85, -0.54
419.40, 1625.69, -0.86
419.50, 1867.45, -1.18
419.60, 2058.58, -1.50
419.70, 2187.50, -1.82
419.80, 2246.83, -2.13
419.90, 2233.70, -2.44
420.00, 2149.40, -2.75
420.10, 1998.73, -3.06
420.20, 1790.86, 2.92
420.30, 1538.17, 2.61
420.40, 1254.84, 2.31
420.50, 956.70, 2.02
420.60, 660.73, 1.74
420.70, 382.10, 1.51
420.80, 141.94, 1.52
420.90, 110.15, -3.09
421.00, 259.28, -3.00
421.10, 368.41, 3.06
421.20, 427.36, 2.78
421.30, 438.32, 2.48
421.40, 407.10, 2.18
421.50, 342.32, 1.86
421.60, 254.25, 1.52
421.70, 154.28, 1.14
421.80, 56.74, 0.48
421.90, 55.68, -1.85
422.00, 129.44, -2.48
422.10, 185.34, -2.86
422.20, 216.45, 3.10
422.30, 221.51, 2.80
422.40, 202.13, 2.52
422.50, 162.48, 2.27
422.60, 108.98, 2.11
422.70, 54.58, 2.28
422.80, 52.18, -2.93
422.90, 102.88, -2.72
423.00, 151.66, -2.86
423.10, 186.93, -3.08
423.20, 204.71, 2.96
423.30, 203.80, 2.71
423.40, 185.20, 2.49
423.50, 152.37, 2.31
423.60, 111.88, 2.24
423.70, 78.09, 2.44
423.80, 78.36, 2.92
423.90, 111.42, 3.11
424.00, 150.00, 3.04
424.10, 180.96, 2.86
424.20, 199.00, 2.63
424.30, 201.99, 2.38
424.40, 189.90, 2.13
424.50, 164.44, 1.89
424.60, 128.75, 1.68
424.70, 87.70, 1.55
424.80, 50.65, 1.71
424.90, 43.42, 2.42
55.00, 21.64, 2.99
55.10, 341.05, 1.21
55.20, 658.83, 0.87
55.30, 922.83, 0.55
55.40, 1105.87, 0.24
55.50, 1187.92, -0.07
55.60, 1156.71, -0.37
55.70, 1011.82, -0.66
55.80, 763.37, -0.94
55.90, 434.51, -1.13
56.00, 114.76, -0.42
56.10, 390.52, 0.85
56.20, 768.03, 0.68
56.30, 1089.82, 0.42
56.40, 1318.12, 0.13
56.50, 1422.38, -0.16
56.60, 1386.68, -0.46
56.70, 1206.18, -0.75
56.80, 891.38, -1.04
56.90, 466.30, -1.27
57.00, 85.60, 0.36
57.10, 582.07, 0.97
57.20, 1094.33, 0.72
57.30, 1533.29, 0.43
57.40, 1848.75, 0.14
57.50, 1999.97, -0.17
57.60, 1957.04, -0.47
57.70, 1707.29, -0.77
57.80, 1255.49, -1.06
57.90, 629.50, -1.31
58.00, 159.78, 0.88
58.10, 977.58, 1.00
58.20, 1813.64, 0.73
58.30, 2572.86, 0.43
58.40, 3169.84, 0.13
58.50, 3528.03, -0.18
58.60, 3582.70, -0.49
58.70, 3282.78, -0.80
58.80, 2601.59, -1.12
58.90, 1533.54, -1.43
59.00, 108.12, -1.92
59.10, 1635.73, 1.11
59.20, 3613.60, 0.79
59.30, 5739.92, 0.47
59.40, 7908.62, 0.16
59.50, 9997.56, -0.15
59.60, 11893.86, -0.47
59.70, 13497.60, -0.78
59.80, 14715.80, -1.09
59.90, 15475.58, -1.41
60.00, 15735.99, -1.72
60.10, 15481.51, -2.03
60.20, 14727.13, -2.35
60.30, 13515.57, -2.66
60.40, 11927.74, -2.97
60.50, 10039.51, 3.00
60.60, 7968.14, 2.68
60.70, 5821.27, 2.37
60.80, 3719.03, 2.06
60.90, 1766.88, 1.76
61.00, 56.37, 2.08
61.10, 1359.47, -2.05
61.20, 2410.11, -2.36
61.30, 3076.32, -2.67
61.40, 3368.08, -2.98
61.50, 3310.54, 2.99
61.60, 2954.76, 2.68
61.70, 2365.38, 2.36
61.80, 1618.19, 2.05
61.90, 796.17, 1.72
62.00, 29.00, -1.15
62.10, 770.05, -2.01
62.20, 1383.79, -2.33
62.30, 1821.74, -2.64
62.40, 2061.12, -2.96
62.50, 2096.25, 3.01
62.60, 1939.92, 2.70
62.70, 1619.81, 2.38
62.80, 1177.46, 2.07
62.90, 661.81, 1.76
63.00, 122.94, 1.49
63.10, 389.57, -2.04
63.20, 829.13, -2.34
63.30, 1162.16, -2.66
63.40, 1364.33, -2.97
63.50, 1426.20, 3.00
63.60, 1350.56, 2.68
63.70, 1152.79, 2.35
63.80, 858.20, 2.02
63.90, 501.54, 1.65
64.00, 130.09, 0.92
64.10, 271.53, -1.74
64.20, 595.59, -2.19
64.30, 850.65, -2.53
64.40, 1011.52, -2.86
64.50, 1068.74, 3.11
64.60, 1021.16, 2.80
64.70, 878.84, 2.49
64.80, 659.41, 2.20
64.90, 388.57, 1.95
175.00, 19.44, 1.29
175.10, 98.04, -0.12
175.20, 183.10, -0.53
175.30, 254.50, -0.87
175.40, 303.21, -1.19
175.50, 322.63, -1.50
175.60, 309.07, -1.79
175.70, 261.49, -2.07
175.80, 183.81, -2.28
175.90, 88.78, -2.21
176.00, 79.52, -0.87
176.10, 194.33, -0.68
176.20, 315.06, -0.88
176.30, 419.41, -1.14
176.40, 494.53, -1.43
176.50, 530.73, -1.74
176.60, 522.33, -2.05
176.70, 466.60, -2.37
176.80, 366.73, -2.71
176.90, 229.85, -3.08
177.00, 72.86, 2.49
177.10, 122.04, -0.08
177.20, 291.20, -0.58
177.30, 441.38, -0.95
177.40, 553.63, -1.28
177.50, 613.38, -1.61
177.60, 610.18, -1.94
177.70, 538.42, -2.27
177.80, 398.99, -2.61
177.90, 199.84, -3.01
178.00, 60.94, 0.56
178.10, 329.34, -0.23
178.20, 609.72, -0.60
178.30, 868.58, -0.93
178.40, 1078.18, -1.25
178.50, 1211.64, -1.57
178.60, 1245.69, -1.88
178.70, 1162.93, -2.20
178.80, 951.61, -2.51
178.90, 608.98, -2.82
179.00, 142.07, -3.05
179.10, 436.80, -0.36
179.20, 1100.73, -0.65
179.30, 1820.60, -0.96
179.40, 2561.37, -1.27
179.50, 3283.80, -1.58
179.60, 3949.42, -1.90
179.70, 4519.82, -2.21
179.80, 4964.09, -2.52
179.90, 5255.93, -2.83
180.00, 5379.10, 3.14
180.10, 5326.46, 2.83
180.20, 5100.91, 2.51
180.30, 4716.31, 2.20
180.40, 4195.81, 1.89
180.50, 3569.65, 1.58
180.60, 2872.44, 1.26
180.70, 2143.91, 0.95
180.80, 1422.14, 0.64
180.90, 745.10, 0.33
181.00, 145.21, 0.02
181.10, 352.38, 2.84
181.20, 729.61, 2.53
181.30, 977.13, 2.22
181.40, 1095.32, 1.91
181.50, 1093.11, 1.59
181.60, 985.97, 1.28
181.70, 796.67, 0.97
181.80, 550.68, 0.65
181.90, 276.21, 0.31
182.00, 14.43, -1.55
182.10, 253.54, 2.94
182.20, 462.16, 2.61
182.30, 611.68, 2.29
182.40, 693.52, 1.98
182.50, 705.28, 1.67
182.60, 651.64, 1.37
182.70, 542.08, 1.08
182.80, 390.81, 0.81
182.90, 215.98, 0.60
183.00, 53.30, 1.12
183.10, 154.38, 2.61
183.20, 298.91, 2.45
183.30, 407.87, 2.19
183.40, 471.22, 1.91
183.50, 485.38, 1.62
183.60, 451.85, 1.33
183.70, 376.30, 1.04
183.80, 268.42, 0.77
183.90, 140.88, 0.57
184.00, 29.05, 1.57
184.10, 131.37, 2.67
184.20, 241.17, 2.47
184.30, 323.52, 2.20
184.40, 370.77, 1.92
184.50, 379.50, 1.63
184.60, 350.32, 1.34
184.70, 287.65, 1.06
184.80, 198.63, 0.81
184.90, 94.64, 0.68
295.00, 98.00, -0.57
295.10, 73.83, -2.39
295.20, 166.56, 2.97
295.30, 258.68, 2.51
295.40, 326.49, 2.14
295.50, 360.33, 1.79
295.60, 354.79, 1.45
295.70, 308.68, 1.11
295.80, 224.74, 0.76
295.90, 109.95, 0.34
296.00, 35.31, -2.33
296.10, 176.45, -3.14
296.20, 317.24, 2.78
296.30, 439.12, 2.45
296.40, 529.03, 2.13
296.50, 576.28, 1.81
296.60, 573.75, 1.51
296.70, 519.14, 1.21
296.80, 414.92, 0.92
296.90, 269.33, 0.68
297.00, 100.95, 0.73
297.10, 120.82, 2.54
297.20, 303.78, 2.51
297.30, 471.18, 2.27
297.40, 599.65, 1.99
297.50, 673.04, 1.69
297.60, 679.47, 1.40
297.70, 613.06, 1.10
297.80, 474.33, 0.81
297.90, 270.88, 0.56
298.00, 38.70, 1.36
298.10, 276.91, 2.82
298.20, 569.21, 2.57
298.30, 840.74, 2.28
298.40, 1062.05, 1.98
298.50, 1204.89, 1.68
298.60, 1245.30, 1.37
298.70, 1164.10, 1.06
298.80, 950.29, 0.76
298.90, 600.80, 0.45
299.00, 122.57, 0.26
299.10, 470.63, 2.91
299.20, 1152.01, 2.62
299.30, 1889.06, 2.31
299.40, 2648.14, 2.00
299.50, 3386.31, 1.69
299.60, 4064.66, 1.37
299.70, 4644.39, 1.06
299.80, 5093.41, 0.75
299.90, 5385.61, 0.44
300.00, 5504.41, 0.12
300.10, 5443.18, -0.19
300.20, 5205.89, -0.50
300.30, 4807.35, -0.82
300.40, 4271.18, -1.13
300.50, 3627.64, -1.44
300.60, 2914.94, -1.75
300.70, 2171.24, -2.06
300.80, 1438.31, -2.37
300.90, 752.08, -2.66
301.00, 148.77, -2.79
301.10, 357.75, -0.29
301.20, 734.11, -0.55
301.30, 979.55, -0.85
301.40, 1093.75, -1.16
301.50, 1086.26, -1.47
301.60, 973.53, -1.78
301.70, 778.63, -2.09
301.80, 527.95, -2.38
301.90, 249.96, -2.65
302.00, 39.25, -0.63
302.10, 284.86, -0.33
302.20, 492.42, -0.61
302.30, 640.14, -0.92
302.40, 719.11, -1.23
302.50, 727.51, -1.56
302.60, 669.79, -1.89
302.70, 556.41, -2.23
302.80, 402.34, -2.61
302.90, 226.97, -3.07
303.00, 78.45, 2.01
303.10, 165.16, 0.21
303.20, 305.58, -0.33
303.30, 412.58, -0.73
303.40, 473.62, -1.09
303.50, 484.54, -1.43
303.60, 446.37, -1.78
303.70, 365.07, -2.13
303.80, 250.68, -2.52
303.90, 118.17, -3.07
304.00, 61.47, 1.06
304.10, 186.43, 0.10
304.20, 308.06, -0.33
304.30, 403.30, -0.69
304.40, 463.98, -1.03
304.50, 485.98, -1.36
304.60, 468.94, -1.68
304.70, 416.32, -2.00
304.80, 334.87, -2.32
304.90, 233.10, -2.64
415.00, 58.13, -1.62
415.10, 34.23, -1.13
415.20, 50.17, -0.47
415.30, 80.79, -0.46
415.40, 106.23, -0.65
415.50, 120.65, -0.89
415.60, 121.50, -1.15
415.70, 108.19, -1.40
415.80, 81.99, -1.60
415.90, 47.28, -1.62
416.00, 28.83, -0.69
416.10, 63.86, -0.16
416.20, 108.30, -0.29
416.30, 146.81, -0.53
416.40, 173.42, -0.82
416.50, 183.92, -1.14
416.60, 175.79, -1.47
416.70, 148.75, -1.85
416.80, 105.49, -2.32
416.90, 57.84, 3.12
417.00, 64.59, 1.53
417.10, 128.97, 0.74
417.20, 199.37, 0.28
417.30, 260.70, -0.11
417.40, 304.50, -0.46
417.50, 324.07, -0.79
417.60, 314.59, -1.12
417.70, 273.92, -1.44
417.80, 202.41, -1.76
417.90, 103.22, -2.05
418.00, 19.04, 0.36
418.10, 151.82, 0.35
418.20, 288.13, 0.05
418.30, 414.71, -0.26
418.40, 519.83, -0.58
418.50, 590.93, -0.90
418.60, 618.02, -1.22
418.70, 592.82, -1.54
418.80, 510.43, -1.87
418.90, 369.63, -2.22
419.00, 174.39, -2.66
419.10, 87.74, 0.87
419.20, 367.59, 0.19
419.30, 680.32, -0.18
419.40, 1004.75, -0.52
419.50, 1323.25, -0.84
419.60, 1618.93, -1.17
419.70, 1875.44, -1.49
419.80, 2077.67, -1.80
419.90, 2215.21, -2.12
420.00, 2280.24, -2.44
420.10, 2269.15, -2.76
420.20, 2183.24, -3.08
420.30, 2028.01, 2.88
420.40, 1813.05, 2.56
420.50, 1550.83, 2.24
420.60, 1257.11, 1.91
420.70, 948.11, 1.57
420.80, 642.08, 1.21
420.90, 355.83, 0.79
421.00, 120.25, -0.05
421.10, 151.54, -2.19
421.20, 302.78, -2.81
421.30, 408.48, 3.08
421.40, 460.35, 2.73
421.50, 460.62, 2.40
421.60, 415.52, 2.08
421.70, 334.16, 1.76
421.80, 227.32, 1.46
421.90, 106.78, 1.19
422.00, 18.60, -2.86
422.10, 130.61, -2.74
422.20, 226.85, -3.02
422.30, 298.70, 2.97
422.40, 342.11, 2.66
422.50, 355.74, 2.36
422.60, 340.94, 2.05
422.70, 301.42, 1.75
422.80, 242.95, 1.46
422.90, 172.39, 1.19
423.00, 97.65, 0.98
423.10, 30.46, 1.21
423.20, 46.61, 2.83
423.30, 93.67, 2.76
423.40, 124.68, 2.52
423.50, 136.44, 2.23
423.60, 128.98, 1.94
423.70, 104.33, 1.63
423.80, 66.18, 1.30
423.90, 19.55, 0.80
424.00, 32.20, -2.21
424.10, 80.66, -2.61
424.20, 122.45, -2.93
424.30, 153.28, 3.06
424.40, 170.39, 2.77
424.50, 172.45, 2.49
424.60, 159.85, 2.24
424.70, 134.83, 2.02
424.80, 102.09, 1.90
424.90, 71.26, 2.00
55.00, 83.36, 1.84
55.10, 418.07, 1.28
55.20, 732.88, 0.93
55.30, 992.55, 0.60
55.40, 1169.66, 0.28
55.50, 1244.12, -0.04
55.60, 1203.46, -0.35
55.70, 1046.96, -0.66
55.80, 784.22, -0.97
55.90, 436.08, -1.24
56.00, 53.15, -0.72
56.10, 393.88, 1.06
56.20, 793.09, 0.80
56.30, 1130.56, 0.50
56.40, 1371.18, 0.19
56.50, 1483.86, -0.12
56.60, 1452.06, -0.43
56.70, 1270.22, -0.75
56.80, 948.18, -1.07
56.90, 508.32, -1.40
57.00, 18.74, 2.32
57.10, 568.89, 1.17
57.20, 1108.80, 0.84
57.30, 1576.24, 0.52
57.40, 1920.43, 0.21
57.50, 2099.43, -0.11
57.60, 2081.75, -0.42
57.70, 1853.09, -0.73
57.80, 1417.11, -1.03
57.90, 799.94, -1.31
58.00, 76.81, -0.65
58.10, 802.95, 1.03
58.20, 1647.09, 0.76
58.30, 2418.96, 0.46
58.40, 3031.78, 0.15
58.50, 3407.62, -0.16
58.60, 3480.03, -0.47
58.70, 3196.43, -0.79
58.80, 2528.64, -1.10
58.90, 1470.20, -1.41
59.00, 48.24, -1.64
59.10, 1693.08, 1.09
59.20, 3674.65, 0.78
59.30, 5808.03, 0.46
59.40, 7985.87, 0.15
59.50, 10084.99, -0.17
59.60, 11990.95, -0.48
59.70, 13601.72, -0.80
59.80, 14824.01, -1.11
59.90, 15583.05, -1.43
60.00, 15837.43, -1.75
60.10, 15572.08, -2.06
60.20, 14801.88, -2.38
60.30, 13570.55, -2.69
60.40, 11959.94, -3.01
60.50, 10048.24, 2.96
60.60, 7953.13, 2.65
60.70, 5784.51, 2.33
60.80, 3664.24, 2.02
60.90, 1698.56, 1.71
61.00, 47.78, -2.61
61.10, 1438.86, -2.10
61.20, 2486.82, -2.41
61.30, 3145.94, -2.72
61.40, 3427.20, -3.04
61.50, 3357.13, 2.93
61.60, 2988.55, 2.62
61.70, 2387.49, 2.30
61.80, 1631.03, 1.98
61.90, 803.41, 1.67
62.00, 18.59, -1.88
62.10, 760.86, -2.11
62.20, 1367.71, -2.43
62.30, 1795.64, -2.75
62.40, 2023.19, -3.07
62.50, 2046.20, 2.89
62.60, 1879.24, 2.57
62.70, 1551.79, 2.24
62.80, 1106.88, 1.91
62.90, 595.39, 1.53
63.00, 89.99, 0.50
63.10, 441.20, -1.99
63.20, 858.23, -2.39
63.30, 1166.25, -2.73
63.40, 1341.38, -3.07
63.50, 1375.96, 2.87
63.60, 1275.55, 2.53
63.70, 1058.18, 2.17
63.80, 753.46, 1.77
63.90, 408.27, 1.22
64.00, 191.57, -0.33
64.10, 434.94, -1.64
64.20, 728.36, -2.15
64.30, 953.80, -2.54
64.40, 1081.91, -2.89
64.50, 1103.48, 3.06
64.60, 1019.42, 2.73
64.70, 841.92, 2.41
64.80, 590.80, 2.10
64.90, 293.35, 1.81
175.00, 70.96, 1.13
175.10, 123.32, 0.14
175.20, 190.54, -0.40
175.30, 248.37, -0.81
175.40, 286.17, -1.17
175.50, 297.37, -1.50
175.60, 278.69, -1.82
175.70, 229.38, -2.11
175.80, 153.15, -2.34
175.90, 61.39, -2.24
176.00, 76.21, -0.61
176.10, 187.47, -0.60
176.20, 295.54, -0.84
176.30, 385.16, -1.12
176.40, 445.41, -1.41
176.50, 467.94, -1.71
176.60, 448.12, -2.02
176.70, 384.19, -2.32
176.80, 279.80, -2.62
176.90, 141.97, -2.91
177.00, 19.36, -0.43
177.10, 187.28, -0.46
177.20, 348.13, -0.76
177.30, 484.70, -1.06
177.40, 581.45, -1.37
177.50, 625.37, -1.68
177.60, 607.45, -1.99
177.70, 523.37, -2.29
177.80, 375.05, -2.59
177.90, 170.74, -2.87
178.00, 77.34, -0.26
178.10, 346.29, -0.45
178.20, 614.77, -0.74
178.30, 856.00, -1.05
178.40, 1043.24, -1.35
178.50, 1150.68, -1.66
178.60, 1156.39, -1.97
178.70, 1044.37, -2.27
178.80, 804.54, -2.57
178.90, 436.24, -2.83
179.00, 71.69, -0.76
179.10, 653.80, -0.48
179.20, 1329.00, -0.75
179.30, 2053.53, -1.05
179.40, 2791.56, -1.36
179.50, 3503.60, -1.66
179.60, 4151.31, -1.97
179.70, 4696.84, -2.28
179.80, 5110.13, -2.59
179.90, 5366.09, -2.90
180.00, 5449.84, 3.07
180.10, 5355.85, 2.76
180.20, 5088.65, 2.45
180.30, 4663.94, 2.14
180.40, 4106.43, 1.83
180.50, 3447.78, 1.53
180.60, 2724.05, 1.22
180.70, 1975.92, 0.92
180.80, 1242.25, 0.63
180.90, 562.57, 0.38
181.00, 75.76, 2.06
181.10, 529.92, 2.67
181.20, 889.22, 2.41
181.30, 1114.73, 2.12
181.40, 1207.40, 1.82
181.50, 1177.48, 1.51
181.60, 1041.94, 1.21
181.70, 825.10, 0.91
181.80, 553.84, 0.61
181.90, 257.71, 0.33
182.00, 39.15, 2.71
182.10, 301.26, 2.75
182.20, 516.38, 2.46
182.30, 666.90, 2.16
182.40, 744.58, 1.86
182.50, 747.73, 1.56
182.60, 681.92, 1.27
182.70, 557.76, 0.98
182.80, 390.82, 0.72
182.90, 201.51, 0.56
183.00, 58.26, 1.65
183.10, 202.97, 2.50
183.20, 358.39, 2.33
183.30, 475.20, 2.06
183.40, 543.18, 1.77
183.50, 558.73, 1.48
183.60, 523.55, 1.18
183.70, 443.71, 0.88
183.80, 329.33, 0.59
183.90, 193.16, 0.31
184.00, 51.12, 0.26
184.10, 91.81, 2.55
184.20, 210.02, 2.34
184.30, 299.72, 2.05
184.40, 353.20, 1.74
184.50, 367.14, 1.42
184.60, 342.32, 1.09
184.70, 283.55, 0.74
184.80, 198.85, 0.34
184.90, 102.73, -0.26
295.00, 43.22, 0.85
295.10, 105.10, 2.49
295.20, 220.20, 2.35
295.30, 316.24, 2.09
295.40, 381.47, 1.80
295.50, 408.25, 1.50
295.60, 392.48, 1.19
295.70, 334.38, 0.87
295.80, 238.13, 0.55
295.90, 111.90, 0.18
296.00, 35.89, -2.83
296.10, 184.63, 2.87
296.20, 325.12, 2.53
296.30, 441.39, 2.21
296.40, 520.75, 1.89
296.50, 553.27, 1.58
296.60, 533.02, 1.26
296.70, 459.21, 0.95
296.80, 335.96, 0.65
296.90, 172.69, 0.38
297.00, 23.48, 2.45
297.10, 218.90, 2.74
297.20, 409.56, 2.45
297.30, 571.96, 2.14
297.40, 688.08, 1.83
297.50, 743.46, 1.51
297.60, 728.12, 1.18
297.70, 638.50, 0.85
297.80, 478.03, 0.49
297.90, 258.59, 0.05
298.00, 69.91, -1.85
298.10, 317.79, 3.03
298.20, 602.39, 2.61
298.30, 856.72, 2.26
298.40, 1050.28, 1.93
298.50, 1155.53, 1.60
298.60, 1150.22, 1.27
298.70, 1018.01, 0.94
298.80, 751.33, 0.60
298.90, 352.41, 0.19
299.00, 187.26, -2.79
299.10, 809.03, 2.93
299.20, 1514.34, 2.58
299.30, 2260.61, 2.25
299.40, 3012.20, 1.93
299.50, 3725.48, 1.61
299.60, 4362.16, 1.29
299.70, 4885.04, 0.97
299.80, 5264.88, 0.65
299.90, 5479.14, 0.34
300.00, 5515.55, 0.02
300.10, 5372.01, -0.30
300.20, 5057.03, -0.61
300.30, 4589.71, -0.93
300.40, 3997.13, -1.24
300.50, 3312.36, -1.56
300.60, 2575.10, -1.87
300.70, 1824.09, -2.19
300.80, 1100.21, -2.50
300.90, 437.49, -2.81
301.00, 133.54, -0.05
301.10, 590.07, -0.33
301.20, 918.42, -0.64
301.30, 1114.55, -0.95
301.40, 1182.40, -1.27
301.50, 1134.90, -1.59
301.60, 991.06, -1.91
301.70, 775.64, -2.23
301.80, 515.70, -2.56
301.90, 239.27, -2.92
302.00, 34.23, 0.58
302.10, 263.48, -0.26
302.20, 446.55, -0.61
302.30, 567.27, -0.94
302.40, 619.79, -1.27
302.50, 605.06, -1.59
302.60, 529.95, -1.93
302.70, 406.55, -2.27
302.80, 250.97, -2.66
302.90, 86.56, 2.93
303.00, 108.17, 0.47
303.10, 255.41, -0.10
303.20, 375.38, -0.47
303.30, 454.25, -0.81
303.40, 485.84, -1.13
303.50, 469.16, -1.44
303.60, 407.72, -1.73
303.70, 309.48, -2.00
303.80, 186.56, -2.20
303.90, 65.43, -1.86
304.00, 115.25, -0.44
304.10, 237.43, -0.49
304.20, 341.36, -0.73
304.30, 414.35, -1.01
304.40, 450.63, -1.29
304.50, 448.20, -1.58
304.60, 408.79, -1.87
304.70, 337.63, -2.15
304.80, 243.23, -2.40
304.90, 136.61, -2.55
415.00, 54.61, 0.08
415.10, 90.40, -0.01
415.20, 123.33, -0.24
415.30, 148.23, -0.52
415.40, 161.83, -0.82
415.50, 161.97, -1.14
415.60, 147.86, -1.47
415.70, 120.25, -1.83
415.80, 81.63, -2.25
415.90, 38.38, -2.97
416.00, 34.57, 1.37
416.10, 80.01, 0.56
416.20, 124.75, 0.12
416.30, 159.37, -0.24
416.40, 179.08, -0.58
416.50, 180.54, -0.92
416.60, 162.09, -1.24
416.70, 124.06, -1.56
416.80, 68.66, -1.88
416.90, 0.24, 1.17
417.00, 76.89, 0.63
417.10, 154.57, 0.32
417.20, 225.89, 0.01
417.30, 283.26, -0.29
417.40, 320.11, -0.60
417.50, 331.09, -0.89
417.60, 312.71, -1.18
417.70, 264.55, -1.44
417.80, 189.47, -1.64
417.90, 99.10, -1.58
418.00, 79.73, -0.42
418.10, 186.62, -0.13
418.20, 308.04, -0.30
418.30, 417.38, -0.55
418.40, 501.30, -0.83
418.50, 547.59, -1.12
418.60, 547.17, -1.42
418.70, 493.09, -1.73
418.80, 382.06, -2.05
418.90, 214.40, -2.39
419.00, 15.74, 1.65
419.10, 271.89, 0.25
419.20, 569.85, -0.08
419.30, 886.59, -0.40
419.40, 1206.24, -0.72
419.50, 1511.39, -1.03
419.60, 1785.80, -1.35
419.70, 2013.88, -1.66
419.80, 2181.88, -1.97
419.90, 2280.89, -2.29
420.00, 2305.07, -2.60
420.10, 2252.70, -2.91
420.20, 2127.10, 3.06
420.30, 1935.63, 2.75
420.40, 1689.45, 2.43
420.50, 1402.32, 2.12
420.60, 1090.81, 1.81
420.70, 771.43, 1.50
420.80, 461.98, 1.20
420.90, 177.05, 0.91
421.00, 69.82, -2.68
421.10, 267.82, -2.91
421.20, 410.93, 3.07
421.30, 496.63, 2.77
421.40, 526.02, 2.47
421.50, 504.10, 2.17
421.60, 438.93, 1.88
421.70, 341.02, 1.60
421.80, 222.73, 1.37
421.90, 100.65, 1.36
422.00, 63.99, 2.77
422.10, 161.90, 3.05
422.20, 251.68, 2.86
422.30, 315.81, 2.59
422.40, 349.96, 2.30
422.50, 353.44, 2.01
422.60, 328.43, 1.71
422.70, 279.45, 1.41
422.80, 212.93, 1.12
422.90, 136.23, 0.85
423.00, 57.93, 0.70
423.10, 25.87, 2.52
423.20, 85.37, 2.70
423.30, 133.05, 2.45
423.40, 162.33, 2.13
423.50, 172.06, 1.79
423.60, 163.35, 1.43
423.70, 139.50, 1.02
423.80, 106.39, 0.51
423.90, 74.54, -0.20
424.00, 64.26, -1.23
424.10, 83.54, -2.12
424.20, 110.77, -2.72
424.30, 131.48, 3.11
424.40, 140.08, 2.72
424.50, 134.62, 2.35
424.60, 115.32, 2.01
424.70, 84.07, 1.67
424.80, 44.08, 1.35
424.90, 1.67, 3.04
55.00, 189.31, -2.26
55.10, 191.14, 1.59
55.20, 490.61, 0.94
55.30, 753.69, 0.55
55.40, 943.02, 0.19
55.50, 1035.47, -0.15
55.60, 1018.78, -0.50
55.70, 891.26, -0.85
55.80, 662.59, -1.23
55.90, 358.04, -1.73
56.00, 134.07, 2.75
56.10, 445.19, 1.42
56.20, 805.89, 0.96
56.30, 1114.22, 0.59
56.40, 1330.08, 0.24
56.50, 1425.83, -0.09
56.60, 1383.85, -0.43
56.70, 1199.85, -0.77
56.80, 884.43, -1.12
56.90, 461.81, -1.53
57.00, 99.34, 2.54
57.10, 584.02, 1.31
57.20, 1087.64, 0.92
57.30, 1520.90, 0.58
57.40, 1829.18, 0.25
57.50, 1974.22, -0.07
57.60, 1926.32, -0.39
57.70, 1673.10, -0.70
57.80, 1221.91, -0.99
57.90, 602.75, -1.20
58.00, 200.40, 0.81
58.10, 994.87, 0.99
58.20, 1810.54, 0.73
58.30, 2542.74, 0.43
58.40, 3112.14, 0.13
58.50, 3436.93, -0.18
58.60, 3454.87, -0.50
58.70, 3118.08, -0.81
58.80, 2397.42, -1.13
58.90, 1294.42, -1.46
59.00, 166.40, 1.58
59.10, 1928.58, 1.09
59.20, 3926.28, 0.77
59.30, 6056.73, 0.45
59.40, 8217.47, 0.13
59.50, 10286.62, -0.18
59.60, 12152.19, -0.50
59.70, 13718.75, -0.82
59.80, 14886.16, -1.13
59.90, 15588.93, -1.45
60.00, 15789.66, -1.76
60.10, 15475.92, -2.08
60.20, 14666.05, -2.40
60.30, 13405.80, -2.71
60.40, 11773.58, -3.03
60.50, 9857.53, 2.94
60.60, 7771.88, 2.63
60.70, 5624.58, 2.31
60.80, 3535.39, 2.00
60.90, 1603.06, 1.69
61.00, 84.88, -2.19
61.10, 1443.80, -2.12
61.20, 2447.28, -2.43
61.30, 3067.73, -2.74
61.40, 3314.47, -3.06
61.50, 3219.98, 2.91
61.60, 2835.40, 2.59
61.70, 2229.55, 2.27
61.80, 1478.43, 1.95
61.90, 665.52, 1.62
62.00, 136.72, -1.63
62.10, 851.40, -2.09
62.20, 1426.33, -2.42
62.30, 1821.01, -2.74
62.40, 2015.92, -3.06
62.50, 2008.62, 2.91
62.60, 1814.92, 2.59
62.70, 1465.64, 2.28
62.80, 1004.25, 1.97
62.90, 479.17, 1.67
63.00, 58.80, -2.08
63.10, 555.20, -2.16
63.20, 971.53, -2.47
63.30, 1274.43, -2.78
63.40, 1442.55, -3.09
63.50, 1468.12, 2.88
63.60, 1357.74, 2.56
63.70, 1128.25, 2.25
63.80, 809.35, 1.94
63.90, 434.03, 1.65
64.00, 43.48, 1.74
64.10, 337.63, -2.23
64.20, 659.57, -2.52
64.30, 903.47, -2.83
64.40, 1049.21, 3.14
64.50, 1088.94, 2.82
64.60, 1024.83, 2.50
64.70, 868.14, 2.18
64.80, 639.02, 1.85
64.90, 362.68, 1.50
175.00, 69.24, -2.58
175.10, 81.73, -1.40
175.20, 167.46, -1.31
175.30, 247.03, -1.52
175.40, 305.36, -1.79
175.50, 335.30, -2.10
175.60, 333.25, -2.42
175.70, 298.82, -2.77
175.80, 235.40, 3.12
175.90, 152.24, 2.61
176.00, 79.57, 1.56
176.10, 115.77, 0.05
176.20, 209.23, -0.62
176.30, 295.08, -1.06
176.40, 356.16, -1.43
176.50, 382.86, -1.79
176.60, 369.96, -2.15
176.70, 316.23, -2.51
176.80, 225.36, -2.91
176.90, 108.85, 2.77
177.00, 73.21, 0.63
177.10, 208.68, -0.25
177.20, 349.16, -0.68
177.30, 467.37, -1.04
177.40, 547.43, -1.38
177.50, 576.66, -1.71
177.60, 547.17, -2.04
177.70, 455.32, -2.37
177.80, 303.77, -2.70
177.90, 101.28, -3.06
178.00, 138.47, -0.12
178.10, 395.18, -0.47
178.20, 646.22, -0.79
178.30, 865.80, -1.11
178.40, 1028.02, -1.43
178.50, 1109.26, -1.75
178.60, 1088.48, -2.07
178.70, 951.45, -2.39
178.80, 689.95, -2.73
178.90, 306.40, -3.13
179.00, 203.25, 0.06
179.10, 798.12, -0.41
179.20, 1468.20, -0.75
179.30, 2180.03, -1.08
179.40, 2898.06, -1.40
179.50, 3582.93, -1.71
179.60, 4197.37, -2.03
179.70, 4705.87, -2.34
179.80, 5080.85, -2.66
179.90, 5299.04, -2.97
180.00, 5347.56, 3.00
180.10, 5222.66, 2.69
180.20, 4931.24, 2.38
180.30, 4490.20, 2.07
180.40, 3924.45, 1.76
180.50, 3266.85, 1.45
180.60, 2551.27, 1.14
180.70, 1820.54, 0.85
180.80, 1111.56, 0.57
180.90, 464.62, 0.39
181.00, 152.26, 2.27
181.10, 578.07, 2.51
181.20, 904.90, 2.26
181.30, 1102.11, 1.97
181.40, 1171.50, 1.66
181.50, 1123.88, 1.35
181.60, 977.34, 1.02
181.70, 756.47, 0.69
181.80, 488.27, 0.33
181.90, 205.52, -0.18
182.00, 109.35, -2.65
182.10, 342.74, 2.86
182.20, 538.70, 2.47
182.30, 671.14, 2.13
182.40, 732.25, 1.80
182.50, 721.44, 1.48
182.60, 644.99, 1.16
182.70, 514.08, 0.85
182.80, 344.43, 0.55
182.90, 154.08, 0.28
183.00, 41.83, 2.68
183.10, 217.01, 2.64
183.20, 362.75, 2.35
183.30, 465.83, 2.04
183.40, 518.89, 1.73
183.50, 519.37, 1.42
183.60, 470.13, 1.10
183.70, 377.78, 0.79
183.80, 252.94, 0.47
183.90, 108.64, 0.15
184.00, 41.21, 3.01
184.10, 182.42, 2.67
184.20, 302.67, 2.35
184.30, 391.81, 2.03
184.40, 443.26, 1.71
184.50, 453.87, 1.39
184.60, 424.74, 1.06
184.70, 360.12, 0.74
184.80, 267.91, 0.40
184.90, 157.68, 0.05
295.00, 112.13, 2.64
295.10, 234.36, 2.53
295.20, 345.56, 2.29
295.30, 431.70, 2.00
295.40, 482.80, 1.71
295.50, 492.14, 1.41
295.60, 456.82, 1.11
295.70, 378.57, 0.80
295.80, 262.97, 0.49
295.90, 119.65, 0.19
296.00, 38.68, 2.99
296.10, 197.00, 2.70
296.20, 340.13, 2.39
296.30, 453.42, 2.09
296.40, 524.15, 1.78
296.50, 543.57, 1.47
296.60, 507.04, 1.16
296.70, 415.54, 0.87
296.80, 275.06, 0.58
296.90, 97.96, 0.42
297.00, 108.01, 2.82
297.10, 312.05, 2.65
297.20, 501.28, 2.36
297.30, 655.00, 2.07
297.40, 755.55, 1.76
297.50, 789.20, 1.46
297.60, 747.35, 1.16
297.70, 628.62, 0.87
297.80, 438.78, 0.61
297.90, 194.13, 0.49
298.00, 127.57, 2.43
298.10, 422.11, 2.51
298.20, 715.55, 2.26
298.30, 967.81, 1.96
298.40, 1149.09, 1.66
298.50, 1232.33, 1.34
298.60, 1196.77, 1.01
298.70, 1028.52, 0.67
298.80, 725.55, 0.28
298.90, 313.13, -0.39
299.00, 356.28, -2.73
299.10, 990.79, 2.90
299.20, 1718.34, 2.50
299.30, 2480.38, 2.16
299.40, 3234.88, 1.83
299.50, 3939.43, 1.50
299.60, 4553.72, 1.18
299.70, 5041.55, 0.86
299.80, 5375.68, 0.55
299.90, 5535.92, 0.23
300.00, 5513.28, -0.08
300.10, 5308.98, -0.40
300.20, 4935.13, -0.71
300.30, 4413.85, -1.02
300.40, 3776.39, -1.33
300.50, 3057.52, -1.63
300.60, 2298.78, -1.93
300.70, 1541.93, -2.21
300.80, 828.70, -2.44
300.90, 223.49, -2.23
301.00, 397.78, -0.47
301.10, 803.51, -0.59
301.20, 1084.93, -0.85
301.30, 1232.87, -1.14
301.40, 1253.19, -1.44
301.50, 1160.86, -1.74
301.60, 977.23, -2.05
301.70, 728.77, -2.35
301.80, 443.69, -2.66
301.90, 150.17, -2.95
302.00, 125.18, -0.18
302.10, 360.01, -0.47
302.20, 537.48, -0.78
302.30, 647.04, -1.09
302.40, 684.67, -1.40
302.50, 653.06, -1.71
302.60, 560.52, -2.02
302.70, 420.27, -2.33
302.80, 248.60, -2.62
302.90, 64.19, -2.81
303.00, 117.89, -0.23
303.10, 277.55, -0.49
303.20, 403.18, -0.78
303.30, 485.42, -1.08
303.40, 519.20, -1.38
303.50, 504.44, -1.68
303.60, 445.37, -1.97
303.70, 350.51, -2.24
303.80, 231.74, -2.45
303.90, 108.37, -2.42
304.00, 77.86, -1.14
304.10, 179.44, -0.88
304.20, 274.16, -1.06
304.30, 340.32, -1.33
304.40, 371.57, -1.63
304.50, 366.48, -1.94
304.60, 327.27, -2.27
304.70, 259.77, -2.63
304.80, 172.97, -3.05
304.90, 83.09, 2.52
415.00, 42.87, -1.89
415.10, 45.37, -0.99
415.20, 78.21, -0.83
415.30, 106.28, -0.98
415.40, 121.20, -1.22
415.50, 120.04, -1.50
415.60, 102.08, -1.81
415.70, 68.84, -2.18
415.80, 25.83, -2.92
415.90, 39.34, 1.04
416.00, 96.33, 0.48
416.10, 152.59, 0.12
416.20, 200.73, -0.21
416.30, 235.05, -0.52
416.40, 251.16, -0.82
416.50, 246.06, -1.12
416.60, 218.69, -1.40
416.70, 170.44, -1.66
416.80, 105.39, -1.83
416.90, 38.60, -1.42
417.00, 74.70, -0.07
417.10, 155.84, -0.13
417.20, 230.40, -0.35
417.30, 288.21, -0.62
417.40, 322.01, -0.89
417.50, 326.66, -1.16
417.60, 299.35, -1.42
417.70, 240.87, -1.66
417.80, 156.64, -1.78
417.90, 74.52, -1.33
418.00, 125.27, -0.29
418.10, 248.77, -0.29
418.20, 372.88, -0.49
418.30, 479.07, -0.75
418.40, 554.01, -1.04
418.50, 586.18, -1.33
418.60, 566.97, -1.63
418.70, 490.55, -1.94
418.80, 355.18, -2.27
418.90, 163.32, -2.65
419.00, 86.07, 0.62
419.10, 368.38, 0.09
419.20, 681.23, -0.25
419.30, 1006.49, -0.57
419.40, 1327.25, -0.88
419.50, 1625.54, -1.20
419.60, 1885.24, -1.51
419.70, 2091.27, -1.82
419.80, 2231.50, -2.13
419.90, 2298.22, -2.44
420.00, 2287.97, -2.75
420.10, 2201.17, -3.06
420.20, 2043.49, 2.91
420.30, 1824.60, 2.60
420.40, 1557.40, 2.29
420.50, 1257.21, 1.99
420.60, 941.75, 1.68
420.70, 627.92, 1.37
420.80, 333.09, 1.07
420.90, 71.21, 0.83
421.00, 146.27, -2.75
421.10, 310.03, -3.03
421.20, 416.38, 2.95
421.30, 465.01, 2.65
421.40, 459.64, 2.35
421.50, 407.44, 2.05
421.60, 318.35, 1.75
421.70, 204.14, 1.48
421.80, 78.07, 1.29
421.90, 52.79, -2.64
422.00, 167.07, -2.74
422.10, 261.60, -3.01
422.20, 328.26, 2.99
422.30, 362.82, 2.70
422.40, 364.15, 2.42
422.50, 334.28, 2.14
422.60, 277.91, 1.88
422.70, 202.20, 1.66
422.80, 117.51, 1.56
422.90, 53.84, 2.17
423.00, 94.07, 3.06
423.10, 163.45, 3.04
423.20, 219.30, 2.84
423.30, 253.86, 2.60
423.40, 264.35, 2.35
423.50, 251.05, 2.10
423.60, 216.70, 1.87
423.70, 166.63, 1.69
423.80, 110.27, 1.65
423.90, 71.26, 2.05
424.00, 90.25, 2.64
424.10, 139.15, 2.71
424.20, 184.67, 2.56
424.30, 216.51, 2.33
424.40, 230.82, 2.07
424.50, 226.66, 1.79
424.60, 205.19, 1.51
424.70, 169.19, 1.21
424.80, 122.92, 0.91
424.90, 71.24, 0.59
55.00, 87.34, 2.05
55.10, 400.05, 1.29
55.20, 698.01, 0.92
55.30, 940.93, 0.58
55.40, 1102.84, 0.26
55.50, 1163.80, -0.07
55.60, 1113.70, -0.39
55.70, 952.88, -0.71
55.80, 692.05, -1.03
55.90, 352.08, -1.34
56.00, 35.71, 1.52
56.10, 436.10, 1.17
56.20, 808.64, 0.85
56.30, 1115.74, 0.54
56.40, 1322.39, 0.22
56.50, 1403.08, -0.09
56.60, 1342.20, -0.40
56.70, 1137.21, -0.71
56.80, 800.36, -1.02
56.90, 356.02, -1.29
57.00, 164.01, 1.28
57.10, 701.55, 1.11
57.20, 1212.32, 0.81
57.30, 1644.84, 0.50
57.40, 1946.18, 0.19
57.50, 2078.96, -0.11
57.60, 2014.72, -0.42
57.70, 1742.31, -0.72
57.80, 1270.73, -1.01
57.90, 630.69, -1.24
58.00, 182.65, 0.81
58.10, 994.70, 1.00
58.20, 1820.94, 0.74
58.30, 2558.37, 0.44
58.40, 3128.01, 0.13
58.50, 3448.32, -0.18
58.60, 3457.71, -0.49
58.70, 3109.37, -0.81
58.80, 2375.37, -1.13
58.90, 1259.45, -1.46
59.00, 219.55, 1.68
59.10, 1987.42, 1.12
59.20, 3991.15, 0.79
59.30, 6123.59, 0.47
59.40, 8281.52, 0.16
59.50, 10343.30, -0.16
59.60, 12196.82, -0.48
59.70, 13747.91, -0.79
59.80, 14896.97, -1.11
59.90, 15580.15, -1.42
60.00, 15760.75, -1.74
60.10, 15428.60, -2.06
60.20, 14602.63, -2.37
60.30, 13329.85, -2.69
60.40, 11688.94, -3.00
60.50, 9769.32, 2.96
60.60, 7684.63, 2.65
60.70, 5542.43, 2.33
60.80, 3462.32, 2.01
60.90, 1541.50, 1.69
61.00, 129.08, -1.55
61.10, 1478.05, -2.06
61.20, 2468.63, -2.38
61.30, 3078.03, -2.70
61.40, 3316.49, -3.02
61.50, 3217.26, 2.94
61.60, 2831.73, 2.61
61.70, 2229.27, 2.28
61.80, 1486.33, 1.93
61.90, 689.72, 1.51
62.00, 179.12, -0.86
62.10, 828.66, -1.90
62.20, 1386.28, -2.29
62.30, 1767.60, -2.63
62.40, 1951.84, -2.96
62.50, 1936.86, 3.00
62.60, 1738.97, 2.68
62.70, 1389.31, 2.36
62.80, 931.39, 2.03
62.90, 413.57, 1.69
63.00, 114.20, -1.54
63.10, 597.90, -2.00
63.20, 999.43, -2.33
63.30, 1286.69, -2.65
63.40, 1439.19, -2.96
63.50, 1450.19, 3.01
63.60, 1327.19, 2.70
63.70, 1087.71, 2.40
63.80, 762.34, 2.12
63.90, 385.68, 1.89
64.00, 66.52, -3.08
64.10, 393.10, -2.21
64.20, 706.72, -2.45
64.30, 940.98, -2.73
64.40, 1075.38, -3.03
64.50, 1102.54, 2.95
64.60, 1025.26, 2.65
64.70, 855.49, 2.35
64.80, 614.35, 2.06
64.90, 328.29, 1.83
175.00, 94.59, -0.07
175.10, 190.18, -0.35
175.20, 276.46, -0.65
175.30, 345.00, -0.96
175.40, 388.38, -1.26
175.50, 401.28, -1.56
175.60, 381.40, -1.85
175.70, 329.20, -2.12
175.80, 248.81, -2.36
175.90, 150.09, -2.47
176.00, 68.43, -1.90
176.10, 125.15, -0.97
176.20, 228.48, -1.00
176.30, 317.44, -1.22
176.40, 377.40, -1.49
176.50, 399.51, -1.77
176.60, 379.16, -2.06
176.70, 315.66, -2.35
176.80, 212.88, -2.62
176.90, 79.55, -2.78
177.00, 79.74, -0.43
177.10, 238.79, -0.58
177.20, 388.70, -0.86
177.30, 512.35, -1.17
177.40, 594.65, -1.48
177.50, 623.20, -1.80
177.60, 590.52, -2.14
177.70, 493.87, -2.49
177.80, 338.23, -2.90
177.90, 146.90, 2.65
178.00, 166.76, 0.49
178.10, 414.95, -0.20
178.20, 670.48, -0.61
178.30, 895.00, -0.97
178.40, 1060.41, -1.31
178.50, 1142.21, -1.64
178.60, 1119.01, -1.98
178.70, 976.77, -2.32
178.80, 708.30, -2.69
178.90, 322.65, 3.08
179.00, 241.28, 0.46
179.10, 834.09, -0.21
179.20, 1516.09, -0.59
179.30, 2240.67, -0.93
179.40, 2970.09, -1.26
179.50, 3663.84, -1.58
179.60, 4283.68, -1.90
179.70, 4793.49, -2.22
179.80, 5165.46, -2.54
179.90, 5376.31, -2.85
180.00, 5413.31, 3.11
180.10, 5273.53, 2.80
180.20, 4964.08, 2.48
180.30, 4503.07, 2.16
180.40, 3916.28, 1.85
180.50, 3237.68, 1.53
180.60, 2501.82, 1.21
180.70, 1752.48, 0.89
180.80, 1026.61, 0.57
180.90, 361.66, 0.20
181.00, 216.62, -3.06
181.10, 676.14, 2.83
181.20, 1007.86, 2.49
181.30, 1204.98, 2.17
181.40, 1271.34, 1.85
181.50, 1218.78, 1.52
181.60, 1066.17, 1.19
181.70, 839.09, 0.85
181.80, 565.21, 0.49
181.90, 277.68, 0.01
182.00, 88.08, -1.81
182.10, 286.27, 3.13
182.20, 480.42, 2.69
182.30, 612.02, 2.33
182.40, 672.07, 1.99
182.50, 660.20, 1.66
182.60, 583.19, 1.34
182.70, 452.82, 1.02
182.80, 285.40, 0.68
182.90, 99.69, 0.27
183.00, 88.79, -2.87
183.10, 255.88, 3.00
183.20, 390.04, 2.68
183.30, 479.49, 2.37
183.40, 517.53, 2.07
183.50, 502.54, 1.78
183.60, 438.65, 1.51
183.70, 334.54, 1.29
183.80, 206.34, 1.19
183.90, 102.26, 1.70
184.00, 164.57, 2.58
184.10, 293.31, 2.58
184.20, 407.47, 2.39
184.30, 488.86, 2.14
184.40, 529.44, 1.87
184.50, 526.02, 1.59
184.60, 480.33, 1.32
184.70, 397.62, 1.05
184.80, 287.53, 0.82
184.90, 163.46, 0.70
295.00, 124.78, -2.08
295.10, 186.84, -2.86
295.20, 254.89, 2.89
295.30, 306.68, 2.46
295.40, 330.74, 2.07
295.50, 320.58, 1.69
295.60, 273.83, 1.31
295.70, 192.94, 0.88
295.80, 88.62, 0.21
295.90, 78.43, -1.99
296.00, 210.65, -2.77
296.10, 348.30, 3.09
296.20, 469.71, 2.73
296.30, 560.80, 2.38
296.40, 609.99, 2.05
296.50, 609.62, 1.72
296.60, 555.80, 1.39
296.70, 450.02, 1.06
296.80, 298.25, 0.74
296.90, 111.54, 0.41
297.00, 95.41, -3.02
297.10, 304.76, 2.93
297.20, 497.29, 2.61
297.30, 654.16, 2.29
297.40, 758.59, 1.97
297.50, 797.50, 1.65
297.60, 762.63, 1.33
297.70, 652.53, 1.01
297.80, 472.17, 0.68
297.90, 233.50, 0.33
298.00, 48.89, -2.72
298.10, 341.72, 2.95
298.20, 625.98, 2.61
298.30, 870.12, 2.29
298.40, 1045.94, 1.97
298.50, 1127.13, 1.65
298.60, 1093.20, 1.33
298.70, 929.61, 1.01
298.80, 631.41, 0.68
298.90, 201.80, 0.30
299.00, 349.19, -3.01
299.10, 994.55, 2.92
299.20, 1708.25, 2.60
299.30, 2453.12, 2.28
299.40, 3190.95, 1.97
299.50, 3881.11, 1.65
299.60, 4484.52, 1.34
299.70, 4965.61, 1.02
299.80, 5297.55, 0.71
299.90, 5460.15, 0.39
300.00, 5444.25, 0.08
300.10, 5250.34, -0.23
300.20, 4889.94, -0.55
300.30, 4384.03, -0.86
300.40, 3762.99, -1.17
300.50, 3060.47, -1.48
300.60, 2317.04, -1.78
300.70, 1573.07, -2.08
300.80, 867.63, -2.36
300.90, 238.74, -2.48
301.00, 309.92, -0.11
301.10, 721.12, -0.30
301.20, 1002.84, -0.58
301.30, 1151.66, -0.88
301.40, 1174.13, -1.18
301.50, 1085.28, -1.48
301.60, 906.28, -1.76
301.70, 663.80, -2.04
301.80, 387.48, -2.25
301.90, 123.57, -2.02
302.00, 200.58, -0.39
302.10, 420.62, -0.46
302.20, 591.35, -0.70
302.30, 696.07, -0.98
302.40, 729.88, -1.27
302.50, 695.24, -1.57
302.60, 600.41, -1.86
302.70, 458.73, -2.15
302.80, 286.79, -2.42
302.90, 105.00, -2.52
303.00, 86.54, -0.39
303.10, 240.66, -0.45
303.20, 363.20, -0.72
303.30, 442.21, -1.01
303.40, 472.59, -1.32
303.50, 454.52, -1.63
303.60, 392.53, -1.95
303.70, 295.39, -2.28
303.80, 174.69, -2.65
303.90, 47.77, 2.91
304.00, 92.88, 0.29
304.10, 205.48, -0.17
304.20, 293.76, -0.52
304.30, 348.79, -0.84
304.40, 366.16, -1.15
304.50, 345.45, -1.45
304.60, 289.83, -1.74
304.70, 206.17, -2.00
304.80, 104.96, -2.14
304.90, 37.14, -0.82
415.00, 32.06, 2.95
415.10, 22.26, 0.91
415.20, 56.03, 0.01
415.30, 88.15, -0.45
415.40, 111.90, -0.85
415.50, 124.78, -1.24
415.60, 125.82, -1.64
415.70, 115.90, -2.08
415.80, 98.01, -2.58
415.90, 78.71, 3.05
416.00, 69.84, 2.21
416.10, 79.89, 1.38
416.20, 100.69, 0.74
416.30, 120.04, 0.25
416.40, 130.59, -0.16
416.50, 128.26, -0.52
416.60, 111.37, -0.84
416.70, 80.57, -1.09
416.80, 40.51, -1.08
416.90, 32.25, 0.23
417.00, 82.05, 0.47
417.10, 135.79, 0.28
417.20, 182.04, 0.02
417.30, 214.16, -0.26
417.40, 226.78, -0.55
417.50, 216.16, -0.82
417.60, 180.68, -1.07
417.70, 122.41, -1.23
417.80, 56.28, -0.91
417.90, 86.69, 0.30
418.00, 187.83, 0.33
418.10, 294.63, 0.11
418.20, 391.56, -0.15
418.30, 466.80, -0.44
418.40, 509.56, -0.73
418.50, 510.23, -1.04
418.60, 461.82, -1.34
418.70, 359.86, -1.65
418.80, 203.63, -1.96
418.90, 4.90, 1.35
419.00, 257.43, 0.58
419.10, 545.59, 0.26
419.20, 856.06, -0.05
419.30, 1173.40, -0.36
419.40, 1481.57, -0.67
419.50, 1763.49, -0.98
419.60, 2004.03, -1.29
419.70, 2189.07, -1.61
419.80, 2307.39, -1.92
419.90, 2352.15, -2.23
420.00, 2320.49, -2.54
420.10, 2213.50, -2.85
420.20, 2037.19, 3.13
420.30, 1801.44, 2.82
420.40, 1519.30, 2.52
420.50, 1206.20, 2.22
420.60, 879.92, 1.94
420.70, 557.99, 1.68
420.80, 261.19, 1.54
420.90, 83.98, 2.74
421.00, 258.26, -2.86
421.10, 422.27, -3.04
421.20, 531.20, 2.97
421.30, 582.13, 2.68
421.40, 578.09, 2.38
421.50, 525.90, 2.06
421.60, 435.22, 1.75
421.70, 317.63, 1.42
421.80, 185.87, 1.05
421.90, 54.85, 0.44
422.00, 78.02, -2.31
422.10, 181.85, -2.79
422.20, 260.56, 3.13
422.30, 308.49, 2.80
422.40, 323.91, 2.47
422.50, 308.24, 2.14
422.60, 265.49, 1.81
422.70, 201.76, 1.47
422.80, 124.73, 1.09
422.90, 45.01, 0.46
423.00, 45.21, -2.05
423.10, 112.28, -2.65
423.20, 165.50, -3.03
423.30, 198.76, 2.92
423.40, 209.63, 2.59
423.50, 198.22, 2.28
423.60, 166.67, 1.98
423.70, 119.05, 1.71
423.80, 61.20, 1.52
423.90, 16.72, 2.80
424.00, 69.12, -2.75
424.10, 123.40, -2.96
424.20, 165.98, 3.04
424.30, 192.71, 2.74
424.40, 201.46, 2.42
424.50, 191.92, 2.10
424.60, 165.53, 1.77
424.70, 125.28, 1.41
424.80, 75.94, 0.97
424.90, 27.64, 0.04
55.00, 137.62, 1.94
55.10, 439.86, 1.28
55.20, 724.07, 0.91
55.30, 951.72, 0.56
55.40, 1097.75, 0.23
55.50, 1143.11, -0.09
55.60, 1078.54, -0.42
55.70, 905.09, -0.74
55.80, 633.71, -1.07
55.90, 285.71, -1.42
56.00, 109.97, 1.61
56.10, 513.94, 1.18
56.20, 889.57, 0.85
56.30, 1199.22, 0.53
56.40, 1408.22, 0.21
56.50, 1491.54, -0.10
56.60, 1433.90, -0.42
56.70, 1232.77, -0.72
56.80, 900.32, -1.02
56.90, 461.37, -1.27
57.00, 83.75, 0.58
57.10, 596.41, 1.00
57.20, 1105.56, 0.73
57.30, 1539.75, 0.43
57.40, 1845.75, 0.12
57.50, 1986.20, -0.19
57.60, 1932.53, -0.51
57.70, 1673.04, -0.83
57.80, 1215.98, -1.17
57.90, 590.97, -1.58
58.00, 200.44, 1.93
58.10, 1005.86, 1.20
58.20, 1822.67, 0.83
58.30, 2554.44, 0.50
58.40, 3123.11, 0.18
58.50, 3447.68, -0.15
58.60, 3466.33, -0.47
58.70, 3131.94, -0.79
58.80, 2415.67, -1.12
58.90, 1320.70, -1.48
59.00, 175.70, 2.13
59.10, 1894.44, 1.17
59.20, 3882.23, 0.83
59.30, 6004.14, 0.50
59.40, 8158.81, 0.18
59.50, 10224.48, -0.14
59.60, 12089.97, -0.46
59.70, 13660.52, -0.77
59.80, 14835.80, -1.09
59.90, 15550.24, -1.41
60.00, 15765.96, -1.72
60.10, 15469.22, -2.04
60.20, 14676.99, -2.35
60.30, 13433.95, -2.67
60.40, 11816.33, -2.98
60.50, 9911.33, 2.99
60.60, 7831.06, 2.67
60.70, 5683.21, 2.36
60.80, 3586.50, 2.05
60.90, 1639.92, 1.75
61.00, 82.61, -2.44
61.10, 1455.63, -2.09
61.20, 2489.93, -2.39
61.30, 3143.74, -2.70
61.40, 3424.38, -3.01
61.50, 3362.45, 2.96
61.60, 3006.67, 2.64
61.70, 2424.53, 2.33
61.80, 1690.39, 2.01
61.90, 886.80, 1.68
62.00, 90.20, 1.17
62.10, 635.50, -2.03
62.20, 1224.50, -2.37
62.30, 1639.53, -2.69
62.40, 1859.74, -3.00
62.50, 1880.89, 2.96
62.60, 1717.08, 2.64
62.70, 1397.20, 2.33
62.80, 963.26, 2.00
62.90, 462.42, 1.67
63.00, 57.04, -1.41
63.10, 537.35, -2.03
63.20, 943.73, -2.36
63.30, 1241.60, -2.69
63.40, 1409.03, -3.01
63.50, 1437.53, 2.96
63.60, 1332.84, 2.64
63.70, 1110.83, 2.31
63.80, 800.29, 1.98
63.90, 433.99, 1.62
64.00, 62.36, 0.64
64.10, 327.59, -1.92
64.20, 643.08, -2.30
64.30, 882.50, -2.63
64.40, 1025.05, -2.95
64.50, 1062.53, 3.02
64.60, 996.84, 2.71
64.70, 839.04, 2.41
64.80, 609.46, 2.13
64.90, 334.66, 1.91
175.00, 66.36, -2.57
175.10, 60.90, -0.91
175.20, 153.73, -0.83
175.30, 236.50, -1.05
175.40, 295.27, -1.31
175.50, 322.59, -1.59
175.60, 314.62, -1.87
175.70, 270.71, -2.14
175.80, 194.31, -2.36
175.90, 96.00, -2.39
176.00, 61.73, -0.95
176.10, 174.69, -0.65
176.20, 294.19, -0.84
176.30, 395.72, -1.09
176.40, 466.81, -1.37
176.50, 497.80, -1.66
176.60, 483.01, -1.95
176.70, 420.68, -2.24
176.80, 314.10, -2.50
176.90, 171.78, -2.70
177.00, 40.87, -1.59
177.10, 188.37, -0.62
177.20, 360.45, -0.82
177.30, 509.98, -1.09
177.40, 619.15, -1.38
177.50, 673.31, -1.68
177.60, 662.90, -1.98
177.70, 582.79, -2.27
177.80, 434.79, -2.55
177.90, 228.02, -2.77
178.00, 51.54, -1.07
178.10, 312.97, -0.57
178.20, 593.04, -0.81
178.30, 847.84, -1.11
178.40, 1048.70, -1.41
178.50, 1169.61, -1.73
178.60, 1187.09, -2.05
178.70, 1084.80, -2.38
178.80, 853.45, -2.74
178.90, 498.78, 3.08
179.00, 167.92, 1.40
179.10, 644.77, -0.09
179.20, 1316.36, -0.53
179.30, 2046.67, -0.89
179.40, 2793.72, -1.23
179.50, 3515.08, -1.55
179.60, 4171.01, -1.87
179.70, 4723.20, -2.19
179.80, 5141.66, -2.50
179.90, 5400.29, -2.82
180.00, 5483.93, -3.13
180.10, 5387.20, 2.84
180.20, 5115.07, 2.53
180.30, 4683.79, 2.22
180.40, 4118.03, 1.91
180.50, 3451.15, 1.60
180.60, 2717.57, 1.30
180.70, 1961.94, 1.01
180.80, 1222.63, 0.73
180.90, 541.21, 0.52
181.00, 122.76, 2.20
181.10, 567.47, 2.68
181.20, 924.26, 2.44
181.30, 1147.05, 2.16
181.40, 1236.29, 1.87
181.50, 1201.96, 1.57
181.60, 1061.68, 1.26
181.70, 840.26, 0.96
181.80, 564.64, 0.67
181.90, 264.90, 0.40
182.00, 37.41, 2.61
182.10, 299.04, 2.79
182.20, 515.34, 2.51
182.30, 666.50, 2.21
182.40, 744.46, 1.91
182.50, 747.98, 1.60
182.60, 682.76, 1.30
182.70, 559.65, 0.99
182.80, 394.29, 0.67
182.90, 204.82, 0.34
183.00, 16.49, -0.85
183.10, 172.44, 3.03
183.20, 324.41, 2.69
183.30, 435.26, 2.39
183.40, 497.31, 2.10
183.50, 508.00, 1.83
183.60, 470.69, 1.58
183.70, 393.67, 1.37
183.80, 292.25, 1.24
183.90, 195.54, 1.35
184.00, 166.66, 1.84
184.10, 230.21, 2.14
184.20, 314.64, 2.10
184.30, 379.18, 1.92
184.40, 409.02, 1.70
184.50, 398.58, 1.45
184.60, 348.35, 1.19
184.70, 262.89, 0.94
184.80, 151.58, 0.76
184.90, 39.67, 1.34
295.00, 60.54, 2.33
295.10, 179.55, 2.61
295.20, 300.57, 2.41
295.30, 401.86, 2.15
295.40, 472.15, 1.88
295.50, 503.31, 1.59
295.60, 490.79, 1.31
295.70, 434.50, 1.04
295.80, 338.55, 0.79
295.90, 212.98, 0.63
296.00, 89.05, 0.99
296.10, 138.18, 2.21
296.20, 280.09, 2.21
296.30, 409.28, 1.98
296.40, 504.99, 1.71
296.50, 555.45, 1.41
296.60, 553.42, 1.09
296.70, 497.08, 0.75
296.80, 390.15, 0.38
296.90, 244.59, -0.10
297.00, 106.79, -1.20
297.10, 190.45, -2.91
297.20, 372.15, 2.78
297.30, 540.72, 2.37
297.40, 670.09, 2.01
297.50, 743.29, 1.66
297.60, 748.62, 1.32
297.70, 680.94, 0.98
297.80, 541.77, 0.62
297.90, 340.52, 0.22
298.00, 107.12, -0.61
298.10, 211.83, -3.02
298.20, 486.92, 2.75
298.30, 740.42, 2.38
298.40, 939.61, 2.04
298.50, 1056.02, 1.70
298.60, 1066.47, 1.37
298.70, 953.04, 1.04
298.80, 706.94, 0.70
298.90, 328.25, 0.29
299.00, 190.41, -2.73
299.10, 798.26, 3.02
299.20, 1492.57, 2.68
299.30, 2234.27, 2.35
299.40, 2985.85, 2.03
299.50, 3706.54, 1.71
299.60, 4355.78, 1.39
299.70, 4895.50, 1.08
299.80, 5295.35, 0.76
299.90, 5530.81, 0.45
300.00, 5588.24, 0.13
300.10, 5462.92, -0.18
300.20, 5162.02, -0.49
300.30, 4702.43, -0.80
300.40, 4111.37, -1.11
300.50, 3420.41, -1.41
300.60, 2669.37, -1.72
300.70, 1899.11, -2.01
300.80, 1150.95, -2.28
300.90, 466.77, -2.43
301.00, 192.25, -0.51
301.10, 653.19, -0.34
301.20, 1009.04, -0.58
301.30, 1231.09, -0.86
301.40, 1320.15, -1.14
301.50, 1287.46, -1.43
301.60, 1151.39, -1.71
301.70, 937.36, -1.97
301.80, 674.95, -2.19
301.90, 401.57, -2.28
302.00, 201.81, -1.83
302.10, 275.62, -1.01
302.20, 452.19, -0.98
302.30, 589.39, -1.17
302.40, 661.80, -1.42
302.50, 664.64, -1.70
302.60, 601.85, -1.99
302.70, 483.66, -2.28
302.80, 324.55, -2.57
302.90, 142.27, -2.81
303.00, 51.05, -0.47
303.10, 225.51, -0.50
303.20, 375.30, -0.79
303.30, 486.82, -1.10
303.40, 552.25, -1.42
303.50, 568.86, -1.74
303.60, 538.41, -2.08
303.70, 467.34, -2.44
303.80, 365.65, -2.82
303.90, 247.41, 3.00
304.00, 135.54, 2.28
304.10, 100.00, 0.86
304.20, 168.20, -0.14
304.30, 239.89, -0.68
304.40, 284.44, -1.09
304.50, 294.87, -1.48
304.60, 270.48, -1.85
304.70, 215.04, -2.23
304.80, 135.69, -2.66
304.90, 47.54, 2.78
415.00, 104.03, 0.88
415.10, 145.16, 0.48
415.20, 182.83, 0.09
415.30, 213.24, -0.28
415.40, 233.06, -0.65
415.50, 239.79, -1.02
415.60, 232.03, -1.40
415.70, 210.09, -1.79
415.80, 175.92, -2.23
415.90, 134.23, -2.74
416.00, 95.65, 2.83
416.10, 82.95, 1.82
416.20, 107.87, 0.92
416.30, 146.43, 0.32
416.40, 180.59, -0.14
416.50, 202.28, -0.52
416.60, 207.71, -0.86
416.70, 195.85, -1.16
416.80, 168.19, -1.42
416.90, 129.57, -1.57
417.00, 92.15, -1.50
417.10, 83.34, -1.10
417.20, 114.81, -0.88
417.30, 158.35, -0.97
417.40, 194.94, -1.20
417.50, 215.92, -1.50
417.60, 217.06, -1.86
417.70, 198.27, -2.28
417.80, 165.25, -2.83
417.90, 136.53, 2.68
418.00, 147.18, 1.73
418.10, 205.11, 0.96
418.20, 282.13, 0.40
418.30, 355.77, -0.06
418.40, 411.24, -0.47
418.50, 437.04, -0.86
418.60, 424.55, -1.24
418.70, 368.17, -1.65
418.80, 267.87, -2.13
418.90, 144.23, -2.97
419.00, 168.10, 1.57
419.10, 379.91, 0.77
419.20, 641.72, 0.31
419.30, 923.27, -0.07
419.40, 1207.46, -0.43
419.50, 1477.79, -0.77
419.60, 1719.12, -1.10
419.70, 1917.12, -1.43
419.80, 2059.61, -1.76
419.90, 2138.09, -2.08
420.00, 2147.46, -2.40
420.10, 2086.33, -2.72
420.20, 1957.85, -3.04
420.30, 1769.10, 2.93
420.40, 1530.46, 2.63
420.50, 1255.02, 2.32
420.60, 958.64, 2.03
420.70, 657.51, 1.76
420.80, 370.71, 1.56
420.90, 133.80, 1.82
421.00, 175.13, -3.10
421.10, 343.04, -3.10
421.20, 470.62, 2.95
421.30, 545.49, 2.66
421.40, 567.40, 2.35
421.50, 540.69, 2.03
421.60, 473.01, 1.68
421.70, 374.63, 1.31
421.80, 258.48, 0.88
421.90, 144.05, 0.23
422.00, 93.47, -1.15
422.10, 161.89, -2.26
422.20, 246.12, -2.80
422.30, 310.46, 3.08
422.40, 346.99, 2.72
422.50, 353.94, 2.38
422.60, 332.91, 2.06
422.70, 287.92, 1.76
422.80, 224.94, 1.49
422.90, 151.94, 1.27
423.00, 80.49, 1.28
423.10, 51.41, 2.14
423.20, 95.88, 2.57
423.30, 145.00, 2.43
423.40, 179.88, 2.17
423.50, 196.95, 1.87
423.60, 196.01, 1.53
423.70, 179.03, 1.16
423.80, 149.85, 0.74
423.90, 114.27, 0.24
424.00, 81.48, -0.44
424.10, 67.12, -1.38
424.20, 79.11, -2.29
424.30, 101.24, -2.94
424.40, 119.91, 2.85
424.50, 130.00, 2.40
424.60, 130.38, 1.99
424.70, 121.94, 1.57
424.80, 106.99, 1.14
424.90, 88.78, 0.67
55.00, 257.37, -1.59
55.10, 85.63, 0.88
55.20, 423.82, 0.78
55.30, 730.82, 0.49
55.40, 973.09, 0.18
55.50, 1125.22, -0.13
55.60, 1167.23, -0.44
55.70, 1091.69, -0.76
55.80, 901.33, -1.08
55.90, 610.44, -1.42
56.00, 248.33, -1.84
56.10, 168.86, 1.44
56.20, 572.56, 0.94
56.30, 939.19, 0.60
56.40, 1228.30, 0.28
56.50, 1403.49, -0.04
56.60, 1442.80, -0.34
56.70, 1334.38, -0.64
56.80, 1082.13, -0.92
56.90, 705.67, -1.15
57.00, 264.34, -1.02
57.10, 367.29, 0.67
57.20, 882.36, 0.64
57.30, 1363.05, 0.39
57.40, 1741.79, 0.11
57.50, 1970.89, -0.19
57.60, 2013.60, -0.50
57.70, 1849.60, -0.81
57.80, 1477.20, -1.13
57.90, 916.72, -1.47
58.00, 211.81, -2.03
58.10, 608.59, 1.23
58.20, 1436.04, 0.85
58.30, 2208.07, 0.52
58.40, 2835.98, 0.20
58.50, 3239.28, -0.12
58.60, 3347.90, -0.44
58.70, 3105.31, -0.75
58.80, 2478.94, -1.07
58.90, 1458.56, -1.38
59.00, 67.71, -1.74
59.10, 1651.23, 1.13
59.20, 3620.67, 0.82
59.30, 5752.24, 0.50
59.40, 7936.96, 0.19
59.50, 10049.19, -0.13
59.60, 11971.81, -0.44
59.70, 13599.67, -0.76
59.80, 14835.89, -1.07
59.90, 15603.10, -1.39
60.00, 15858.19, -1.70
60.10, 15584.07, -2.01
60.20, 14796.28, -2.33
60.30, 13539.51, -2.64
60.40, 11898.38, -2.95
60.50, 9952.64, 3.02
60.60, 7824.93, 2.71
60.70, 5627.66, 2.40
60.80, 3486.48, 2.10
60.90, 1511.91, 1.84
61.00, 260.29, -2.24
61.10, 1624.78, -2.10
61.20, 2647.90, -2.38
61.30, 3273.99, -2.68
61.40, 3515.44, -2.99
61.50, 3402.56, 2.99
61.60, 2991.89, 2.68
61.70, 2353.62, 2.37
61.80, 1568.39, 2.08
61.90, 725.19, 1.83
62.00, 135.24, -2.41
62.10, 844.16, -2.16
62.20, 1427.15, -2.43
62.30, 1820.79, -2.73
62.40, 2005.62, -3.04
62.50, 1981.05, 2.92
62.60, 1765.50, 2.60
62.70, 1392.68, 2.28
62.80, 909.67, 1.95
62.90, 370.93, 1.54
63.00, 185.62, -1.49
63.10, 679.23, -2.02
63.20, 1085.93, -2.37
63.30, 1370.12, -2.70
63.40, 1511.53, -3.03
63.50, 1505.79, 2.93
63.60, 1362.15, 2.60
63.70, 1101.81, 2.26
63.80, 756.34, 1.91
63.90, 367.44, 1.46
64.00, 98.23, -0.67
64.10, 424.87, -1.88
64.20, 725.62, -2.29
64.30, 938.28, -2.64
64.40, 1042.86, -2.98
64.50, 1034.63, 2.98
64.60, 918.82, 2.65
64.70, 711.58, 2.31
64.80, 436.29, 1.97
64.90, 124.42, 1.50
175.00, 83.40, -1.06
175.10, 154.88, -0.84
175.20, 235.95, -0.96
175.30, 307.40, -1.18
175.40, 358.89, -1.43
175.50, 383.28, -1.70
175.60, 376.44, -1.98
175.70, 336.41, -2.26
175.80, 265.39, -2.55
175.90, 168.21, -2.83
176.00, 52.69, -3.09
176.10, 71.31, -0.34
176.20, 192.01, -0.60
176.30, 298.12, -0.89
176.40, 378.72, -1.17
176.50, 424.80, -1.46
176.60, 430.86, -1.73
176.70, 394.27, -1.98
176.80, 318.58, -2.20
176.90, 214.17, -2.30
177.00, 120.34, -1.91
177.10, 163.50, -1.08
177.20, 294.36, -1.00
177.30, 423.17, -1.17
177.40, 522.68, -1.41
177.50, 577.01, -1.68
177.60, 575.46, -1.96
177.70, 512.16, -2.25
177.80, 387.37, -2.54
177.90, 207.40, -2.83
178.00, 17.29, -0.42
178.10, 264.74, -0.35
178.20, 516.74, -0.64
178.30, 747.19, -0.94
178.40, 930.31, -1.25
178.50, 1040.89, -1.55
178.60, 1057.00, -1.86
178.70, 962.14, -2.17
178.80, 745.31, -2.48
178.90, 403.97, -2.78
179.00, 55.68, -0.04
179.10, 618.95, -0.28
179.20, 1263.07, -0.58
179.30, 1958.44, -0.89
179.40, 2671.08, -1.20
179.50, 3362.91, -1.51
179.60, 3996.64, -1.83
179.70, 4534.81, -2.14
179.80, 4947.37, -2.45
179.90, 5208.84, -2.76
180.00, 5303.44, -3.07
180.10, 5224.44, 2.90
180.20, 4974.93, 2.59
180.30, 4568.86, 2.27
180.40, 4029.52, 1.96
180.50, 3387.00, 1.65
180.60, 2675.98, 1.34
180.70, 1936.23, 1.02
180.80, 1205.85, 0.72
180.90, 523.04, 0.42
181.00, 81.63, 3.02
181.10, 577.78, 2.88
181.20, 951.60, 2.57
181.30, 1192.38, 2.26
181.40, 1300.44, 1.95
181.50, 1284.83, 1.63
181.60, 1161.10, 1.32
181.70, 952.52, 1.00
181.80, 684.97, 0.68
181.90, 387.33, 0.36
182.00, 87.61, -0.04
182.10, 189.43, 2.93
182.20, 420.83, 2.59
182.30, 591.25, 2.27
182.40, 691.33, 1.95
182.50, 718.01, 1.62
182.60, 675.45, 1.30
182.70, 572.74, 0.98
182.80, 423.83, 0.64
182.90, 246.11, 0.28
183.00, 60.38, -0.33
183.10, 128.35, 3.06
183.20, 286.03, 2.64
183.30, 408.51, 2.29
183.40, 486.21, 1.96
183.50, 515.08, 1.63
183.60, 495.95, 1.30
183.70, 433.88, 0.97
183.80, 337.94, 0.63
183.90, 219.84, 0.27
184.00, 93.87, -0.20
184.10, 41.12, -2.77
184.20, 142.98, 2.73
184.30, 223.85, 2.34
184.40, 272.23, 2.00
184.50, 284.41, 1.67
184.60, 260.80, 1.35
184.70, 205.55, 1.05
184.80, 125.69, 0.78
184.90, 34.47, 0.91
295.00, 28.14, 1.42
295.10, 104.60, 2.78
295.20, 209.99, 2.61
295.30, 302.07, 2.34
295.40, 370.02, 2.06
295.50, 405.94, 1.78
295.60, 404.93, 1.50
295.70, 366.26, 1.24
295.80, 293.46, 1.01
295.90, 196.75, 0.90
296.00, 109.50, 1.24
296.10, 138.16, 2.07
296.20, 246.13, 2.16
296.30, 350.48, 1.99
296.40, 427.29, 1.74
296.50, 463.90, 1.46
296.60, 452.83, 1.16
296.70, 391.66, 0.85
296.80, 282.93, 0.51
296.90, 134.89, 0.10
297.00, 51.98, -2.66
297.10, 237.39, 2.91
297.20, 422.54, 2.54
297.30, 584.51, 2.20
297.40, 705.22, 1.86
297.50, 769.73, 1.53
297.60, 767.20, 1.18
297.70, 693.13, 0.82
297.80, 550.54, 0.42
297.90, 354.59, -0.09
298.00, 177.79, -1.21
298.10, 296.12, -2.77
298.20, 562.11, 2.88
298.30, 821.91, 2.44
298.40, 1032.48, 2.07
298.50, 1163.02, 1.71
298.60, 1189.39, 1.35
298.70, 1093.56, 0.98
298.80, 867.95, 0.58
298.90, 523.83, 0.05
299.00, 250.95, -1.51
299.10, 695.54, -2.89
299.20, 1370.92, 2.89
299.30, 2112.94, 2.50
299.40, 2875.96, 2.15
299.50, 3613.66, 1.81
299.60, 4285.70, 1.48
299.70, 4852.43, 1.16
299.80, 5281.70, 0.84
299.90, 5547.54, 0.52
300.00, 5634.20, 0.20
300.10, 5535.90, -0.12
300.20, 5257.97, -0.43
300.30, 4816.72, -0.75
300.40, 4237.36, -1.06
300.50, 3551.82, -1.37
300.60, 2799.93, -1.67
300.70, 2021.43, -1.97
300.80, 1259.64, -2.26
300.90, 553.40, -2.48
301.00, 115.94, -0.66
301.10, 593.09, -0.26
301.20, 969.70, -0.51
301.30, 1209.54, -0.80
301.40, 1312.18, -1.09
301.50, 1287.91, -1.39
301.60, 1154.15, -1.68
301.70, 935.32, -1.97
301.80, 659.52, -2.23
301.90, 358.70, -2.41
302.00, 102.22, -1.81
302.10, 258.58, -0.52
302.20, 482.81, -0.65
302.30, 650.17, -0.90
302.40, 746.81, -1.18
302.50, 769.64, -1.47
302.60, 722.47, -1.76
302.70, 615.37, -2.06
302.80, 462.70, -2.34
302.90, 281.62, -2.61
303.00, 92.70, -2.71
303.10, 98.73, -0.44
303.20, 256.46, -0.57
303.30, 379.66, -0.84
303.40, 458.27, -1.12
303.50, 488.39, -1.41
303.60, 470.78, -1.70
303.70, 411.00, -1.97
303.80, 318.46, -2.22
303.90, 206.02, -2.40
304.00, 96.29, -2.26
304.10, 86.17, -1.10
304.20, 174.01, -0.90
304.30, 250.83, -1.07
304.40, 298.22, -1.33
304.50, 310.92, -1.61
304.60, 288.49, -1.91
304.70, 234.36, -2.23
304.80, 155.32, -2.57
304.90, 60.90, -3.06
415.00, 75.34, -0.95
415.10, 74.42, -0.81
415.20, 82.14, -0.68
415.30, 95.87, -0.64
415.40, 110.39, -0.67
415.50, 121.59, -0.74
415.60, 127.65, -0.82
415.70, 129.38, -0.87
415.80, 130.08, -0.89
415.90, 134.86, -0.87
416.00, 147.58, -0.86
416.10, 167.60, -0.90
416.20, 190.28, -1.00
