0.00, 762.32, 3.14, -762.32, 0.00
5.00, 250.56, 1.53, 10.85, 250.33
10.00, 261.88, -2.87, -252.19, -70.60
15.00, 134.92, -0.78, 96.27, -94.53
20.00, 25.90, -0.73, 19.28, -17.30
25.00, 78.82, -1.03, 40.42, -67.66
30.00, 63.20, -0.74, 46.58, -42.72
35.00, 32.55, -1.04, 16.37, -28.13
40.00, 49.29, 2.55, -40.83, 27.62
45.00, 34.77, -2.10, -17.60, -29.98
50.00, 52.97, 1.56, 0.36, 52.97
55.00, 24.04, -1.57, 0.03, -24.04
56.00, 38.02, -0.79, 26.78, -26.99
57.00, 65.03, -0.49, 57.29, -30.77
58.00, 167.16, -2.67, -148.92, -75.93
59.00, 222.49, -2.92, -217.20, -48.23
60.00, 15784.49, -1.73, -2462.39, -15591.24
60.01, 15687.52, -1.82, -3880.87, -15199.90
60.01, 15543.42, -1.91, -5240.20, -14633.47
60.02, 15352.48, -2.01, -6506.67, -13905.47
60.02, 15115.49, -2.10, -7662.61, -13029.30
60.03, 14852.33, -2.20, -8765.03, -11990.24
60.03, 14532.15, -2.30, -9643.10, -10871.71
60.04, 14171.43, -2.39, -10362.25, -9667.12
60.04, 13771.80, -2.49, -10915.04, -8397.89
60.05, 13335.67, -2.58, -11292.20, -7094.10
60.05, 12865.09, -2.68, -11495.84, -5775.47
60.06, 12361.85, -2.77, -11524.12, -4473.24
60.06, 11828.69, -2.87, -11385.34, -3208.13
60.07, 11270.10, -2.96, -11088.91, -2012.78
60.07, 10683.96, -3.06, -10647.74, -878.95
60.08, 10113.36, 3.12, -10111.44, 197.20
60.08, 9490.20, 3.02, -9425.39, 1107.27
60.09, 8851.50, 2.93, -8648.04, 1886.90
60.09, 8200.69, 2.83, -7801.21, 2528.32
60.10, 7541.60, 2.73, -6907.14, 3027.74
60.10, 6876.26, 2.63, -5988.65, 3379.21
60.20, 3337.17, -2.18, -1912.14, -2735.03
60.30, 1739.73, 2.14, -937.31, 1465.64
60.40, 1974.47, -2.82, -1876.30, -614.84
60.50, 318.70, -2.48, -251.10, -196.26
60.60, 1331.42, 2.65, -1172.10, 631.54
60.70, 933.54, -2.31, -631.70, -687.35
60.80, 743.95, 1.89, -234.59, 706.00
60.90, 988.88, -2.67, -881.28, -448.58
61.00, 183.66, 2.13, -98.09, 155.27
62.00, 82.53, 2.95, -80.96, 16.03
63.00, 60.54, -0.77, 43.63, -41.97
64.00, 38.97, -0.94, 23.12, -31.38
65.00, 23.60, -3.13, -23.60, -0.33
66.00, 22.15, -2.04, -10.06, -19.73
67.00, 23.97, 2.47, -18.78, 14.89
68.00, 25.84, -1.64, -1.85, -25.77
69.00, 42.21, 1.00, 22.97, 35.41
70.00, 30.58, -1.99, -12.57, -27.87
75.00, 31.95, -2.69, -28.70, -14.04
80.00, 6.06, 0.81, 4.18, 4.39
85.00, 19.65, -1.87, -5.88, -18.75
90.00, 20.98, -1.42, 3.09, -20.76
95.00, 14.03, 2.78, -13.14, 4.93
100.00, 18.34, 0.87, 11.82, 14.02
105.00, 26.53, -1.30, 7.00, -25.59
110.00, 14.65, -2.94, -14.36, -2.90
115.00, 67.75, 1.79, -14.51, 66.17
120.00, 45.08, 1.95, -16.86, 41.81
125.00, 27.65, -2.58, -23.34, -14.82
130.00, 44.07, -2.66, -39.15, -20.24
135.00, 27.91, -0.99, 15.31, -23.34
140.00, 24.06, -1.76, -4.52, -23.63
145.00, 42.15, -2.66, -37.41, -19.42
150.00, 7.64, 0.31, 7.28, 2.33
155.00, 6.89, -0.28, 6.63, -1.89
160.00, 5.27, -0.98, 2.95, -4.37
165.00, 11.41, 3.04, -11.36, 1.15
170.00, 12.57, -0.54, 10.80, -6.41
175.00, 38.61, 1.17, 14.91, 35.62
176.00, 45.07, -1.19, 16.96, -41.75
177.00, 74.65, -0.48, 66.16, -34.57
178.00, 113.09, 2.13, -60.47, 95.57
179.00, 225.70, 1.60, -7.17, 225.58
180.00, 5012.92, 3.06, -4996.31, 407.76
180.01, 4937.47, 2.97, -4861.05, 865.34
180.01, 4846.80, 2.87, -4669.30, 1299.67
180.02, 4742.72, 2.77, -4426.38, 1703.12
180.02, 4624.39, 2.68, -4136.95, 2066.55
180.03, 4495.68, 2.58, -3804.02, 2395.95
180.03, 4348.79, 2.48, -3442.88, 2656.79
180.04, 4196.05, 2.38, -3049.73, 2882.00
180.04, 4029.26, 2.29, -2642.97, 3041.32
180.05, 3852.18, 2.19, -2227.11, 3143.14
180.05, 3665.62, 2.09, -1809.05, 3188.12
180.06, 3470.56, 1.99, -1400.27, 3175.54
180.06, 3268.08, 1.88, -1005.75, 3109.47
180.07, 3063.26, 1.78, -631.79, 2997.40
180.07, 2844.61, 1.68, -296.25, 2829.15
180.08, 2630.35, 1.57, 13.13, 2630.32
180.08, 2404.28, 1.46, 271.77, 2388.87
180.09, 2185.28, 1.34, 495.09, 2128.46
180.09, 1961.36, 1.22, 665.72, 1844.92
180.10, 1738.48, 1.10, 787.41, 1549.93
180.10, 1518.20, 0.97, 860.70, 1250.64
180.20, 1655.84, 2.72, -1509.82, 679.87
180.30, 591.25, 0.61, 484.10, 339.45
180.40, 699.30, 2.27, -448.47, 536.56
180.50, 281.09, 2.44, -215.25, 180.77
180.60, 441.07, 1.22, 151.05, 414.40
180.70, 472.92, 2.36, -334.23, 334.59
180.80, 364.24, 0.03, 364.04, 12.06
180.90, 499.64, 2.48, -393.70, 307.65
181.00, 204.62, 0.53, 176.28, 103.91
182.00, 79.51, 1.69, -9.35, 78.96
183.00, 10.64, -1.18, 4.02, -9.85
184.00, 28.65, -2.62, -24.78, -14.38
185.00, 32.24, 0.80, 22.52, 23.06
186.00, 9.79, 2.91, -9.52, 2.25
187.00, 58.89, 1.86, -16.54, 56.51
188.00, 10.04, -2.36, -7.16, -7.04
189.00, 22.23, -0.17, 21.91, -3.74
190.00, 10.81, 2.75, -9.99, 4.12
195.00, 54.97, 3.05, -54.76, 4.78
200.00, 11.76, 0.26, 11.37, 2.99
205.00, 9.56, 2.81, -9.03, 3.15
210.00, 15.77, -0.11, 15.68, -1.71
215.00, 34.30, 1.01, 18.33, 29.00
220.00, 34.86, 1.13, 14.72, 31.59
225.00, 3.30, -0.65, 2.62, -2.00
230.00, 11.99, 2.39, -8.73, 8.21
235.00, 32.84, -0.02, 32.83, -0.75
240.00, 2.87, -2.21, -1.71, -2.30
245.00, 13.65, -0.89, 8.62, -10.57
250.00, 28.48, 2.39, -20.82, 19.43
255.00, 34.51, -3.13, -34.51, -0.49
260.00, 30.00, -2.32, -20.32, -22.07
265.00, 43.17, -2.41, -32.13, -28.83
270.00, 39.05, -0.83, 26.22, -28.94
275.00, 28.58, -1.57, -0.04, -28.58
280.00, 25.23, -2.10, -12.67, -21.82
285.00, 35.49, 0.64, 28.56, 21.07
290.00, 54.59, 2.60, -46.76, 28.18
295.00, 55.58, -1.11, 24.59, -49.85
296.00, 119.20, 2.42, -89.63, 78.58
297.00, 86.87, 2.34, -60.66, 62.18
298.00, 177.48, -1.16, 70.67, -162.80
299.00, 436.36, -1.46, 46.56, -433.87
300.00, 4716.32, 0.05, 4711.21, 219.49
300.01, 4598.14, -0.05, 4592.30, -231.69
300.01, 4466.67, -0.15, 4417.43, -661.45
300.02, 4319.42, -0.25, 4188.95, -1053.62
300.02, 4159.82, -0.35, 3913.83, -1409.29
300.03, 3992.58, -0.45, 3601.90, -1722.50
300.03, 3812.38, -0.55, 3255.13, -1984.54
300.04, 3619.55, -0.65, 2883.47, -2187.87
300.04, 3420.23, -0.75, 2492.40, -2342.20
300.05, 3210.06, -0.86, 2096.02, -2431.29
300.05, 2995.51, -0.97, 1699.49, -2466.74
300.06, 2772.32, -1.08, 1312.94, -2441.71
300.06, 2547.41, -1.19, 940.42, -2367.47
300.07, 2316.51, -1.31, 598.57, -2237.84
300.07, 2086.90, -1.43, 283.07, -2067.61
300.08, 1857.45, -1.57, 7.67, -1857.44
300.08, 1627.46, -1.71, -223.65, -1612.02
300.09, 1404.27, -1.87, -408.27, -1343.61
300.09, 1188.97, -2.05, -545.78, -1056.30
300.10, 989.54, -2.26, -631.30, -762.01
300.10, 811.27, -2.53, -665.15, -464.47
300.20, 2195.13, -0.28, 2107.86, -612.81
300.30, 513.76, -2.65, -452.76, -242.82
300.40, 886.64, -0.59, 736.22, -494.07
300.50, 359.66, -0.35, 338.05, -122.78
300.60, 433.05, -1.45, 51.72, -429.95
300.70, 669.81, -0.76, 483.85, -463.17
300.80, 421.19, -3.13, -421.15, -6.16
300.90, 665.91, -0.56, 564.52, -353.21
301.00, 286.66, -2.76, -265.78, -107.39
302.00, 128.39, -0.58, 107.52, -70.17
303.00, 29.46, 2.40, -21.76, 19.87
304.00, 34.24, 2.38, -24.70, 23.72
305.00, 78.31, 2.70, -70.95, 33.14
306.00, 27.46, 1.48, 2.54, 27.35
307.00, 38.09, 0.60, 31.45, 21.49
308.00, 45.70, -2.50, -36.58, -27.40
309.00, 61.65, 2.56, -51.35, 34.12
310.00, 19.83, 1.20, 7.21, 18.47
315.00, 52.33, 1.52, 2.57, 52.27
320.00, 13.10, -1.68, -1.38, -13.03
325.00, 5.34, -0.69, 4.11, -3.40
330.00, 17.18, -2.39, -12.50, -11.78
335.00, 19.52, -0.46, 17.50, -8.65
340.00, 12.82, -0.84, 8.58, -9.53
345.00, 32.88, -0.87, 21.23, -25.11
350.00, 17.95, 0.72, 13.47, 11.86
355.00, 20.36, 1.18, 7.66, 18.86
360.00, 34.13, 2.58, -28.80, 18.31
365.00, 7.80, 2.01, -3.31, 7.06
370.00, 15.94, 0.81, 10.98, 11.56
375.00, 26.75, 2.68, -23.89, 12.03
380.00, 26.98, -2.91, -26.24, -6.27
385.00, 47.67, -3.05, -47.48, -4.16
390.00, 20.58, -2.24, -12.79, -16.12
395.00, 23.00, 1.93, -8.16, 21.50
400.00, 15.95, 3.05, -15.87, 1.53
405.00, 32.82, -1.04, 16.73, -28.23
410.00, 14.04, 0.33, 13.29, 4.51
415.00, 27.71, 1.68, -2.92, 27.56
416.00, 39.90, -0.19, 39.17, -7.64
417.00, 79.40, -0.08, 79.13, -6.61
418.00, 118.68, 2.68, -106.13, 53.13
419.00, 224.69, 2.05, -104.28, 199.03
420.00, 1645.70, -2.55, -1366.27, -917.41
420.01, 1583.98, -2.65, -1396.71, -747.12
420.01, 1517.49, -2.75, -1403.73, -576.46
420.02, 1446.59, -2.85, -1387.57, -408.99
420.02, 1370.82, -2.96, -1348.34, -247.25
420.03, 1292.05, -3.07, -1288.50, -95.77
420.03, 1209.99, 3.11, -1209.22, 43.06
420.04, 1125.14, 2.99, -1112.74, 166.57
420.04, 1037.17, 2.87, -1000.45, 273.51
420.05, 949.98, 2.75, -879.64, 358.74
420.05, 858.42, 2.62, -746.33, 424.11
420.06, 769.15, 2.49, -610.08, 468.39
420.06, 680.10, 2.34, -471.53, 490.10
420.07, 592.91, 2.17, -334.59, 489.48
420.07, 508.44, 1.98, -201.80, 466.68
420.08, 431.75, 1.75, -78.05, 424.64
420.08, 365.94, 1.48, 34.61, 364.30
420.09, 317.08, 1.13, 133.91, 287.42
420.09, 293.15, 0.74, 216.95, 197.16
420.10, 298.17, 0.33, 282.27, 96.06
420.10, 328.46, -0.04, 328.21, -12.62
420.20, 1002.90, -2.87, -967.38, -264.54
420.30, 215.24, 0.27, 207.39, 57.60
420.40, 466.67, -2.98, -460.35, -76.54
420.50, 155.03, -2.87, -149.23, -42.03
420.60, 150.97, 2.73, -138.54, 59.99
420.70, 324.00, 2.89, -313.63, 81.31
420.80, 164.44, 0.03, 164.35, 5.45
420.90, 381.39, 3.07, -380.38, 27.74
421.00, 156.96, 0.69, 121.14, 99.81
422.00, 62.03, -2.88, -59.85, -16.29
423.00, 50.62, 0.65, 40.36, 30.56
424.00, 42.61, -0.65, 33.92, -25.78
425.00, 50.54, 0.31, 48.17, 15.29
426.00, 17.70, -1.45, 2.08, -17.58
427.00, 35.49, 1.11, 15.68, 31.84
428.00, 47.83, 1.26, 14.80, 45.49
429.00, 50.07, 0.13, 49.66, 6.36
430.00, 48.87, -0.08, 48.73, -3.72
435.00, 14.09, 1.70, -1.75, 13.98
440.00, 17.58, 2.33, -12.15, 12.71
445.00, 25.71, -2.65, -22.61, -12.23
450.00, 27.85, -1.01, 14.74, -23.64
455.00, 35.56, -1.19, 13.19, -33.02
460.00, 9.92, 0.29, 9.50, 2.85
465.00, 19.51, -1.24, 6.28, -18.47
470.00, 21.63, -1.12, 9.49, -19.44
475.00, 44.81, -0.12, 44.50, -5.29
480.00, 8.39, -0.69, 6.46, -5.35
485.00, 14.44, -0.76, 10.47, -9.95
490.00, 10.01, -1.40, 1.66, -9.87
495.00, 26.11, 1.72, -3.90, 25.82
500.00, 48.98, 1.34, 11.37, 47.64
505.00, 45.80, 2.37, -32.89, 31.88
510.00, 36.05, -2.36, -25.64, -25.35
515.00, 22.67, -1.17, 8.74, -20.92
520.00, 28.27, -2.94, -27.72, -5.56
525.00, 23.65, -1.58, -0.33, -23.65
530.00, 13.56, 2.19, -7.82, 11.08
535.00, 41.09, -0.34, 38.68, -13.86
536.00, 57.71, 2.39, -42.35, 39.21
537.00, 27.85, 2.77, -25.93, 10.16
538.00, 45.00, 0.10, 44.76, 4.71
539.00, 107.69, -1.02, 56.40, -91.74
540.00, 578.47, 0.72, 434.82, 381.52
540.01, 550.87, 0.62, 448.83, 319.39
540.01, 522.01, 0.51, 454.94, 255.98
540.02, 491.36, 0.41, 451.28, 194.39
540.02, 459.56, 0.30, 439.65, 133.81
540.03, 426.27, 0.18, 419.31, 76.71
540.03, 392.01, 0.06, 391.20, 25.15
540.04, 357.24, -0.06, 356.57, -21.80
540.04, 321.44, -0.19, 315.46, -61.69
540.05, 286.35, -0.33, 270.63, -93.57
540.05, 250.72, -0.49, 220.99, -118.42
540.06, 216.65, -0.67, 169.95, -134.36
540.06, 184.15, -0.88, 117.53, -141.76
540.07, 154.99, -1.13, 65.84, -140.32
540.07, 131.69, -1.45, 15.85, -130.74
540.08, 117.27, -1.84, -31.02, -113.09
540.08, 114.76, -2.27, -73.59, -88.06
540.09, 124.47, -2.67, -110.96, -56.40
540.09, 143.26, -3.01, -141.93, -19.43
540.10, 167.18, 3.01, -165.71, 22.14
540.10, 193.90, 2.79, -181.95, 67.03
540.20, 434.39, 0.36, 407.15, 151.40
540.30, 119.67, -2.98, -118.09, -19.37
540.40, 187.33, 0.46, 167.88, 83.11
540.50, 128.28, 0.73, 95.79, 85.33
540.60, 98.01, -0.57, 82.72, -52.57
540.70, 149.95, -0.04, 149.82, -6.05
540.80, 92.80, -2.78, -86.78, -32.88
540.90, 165.72, 0.05, 165.48, 8.79
541.00, 79.24, -3.01, -78.54, -10.47
541.10, 105.25, 0.19, 103.42, 19.52
542.10, 32.53, -1.27, 9.69, -31.05
543.10, 22.50, -1.10, 10.11, -20.10
544.10, 41.24, 0.23, 40.20, 9.20
545.10, 50.59, -0.22, 49.35, -11.13
546.10, 62.23, -0.55, 53.10, -32.45
547.10, 49.65, -0.93, 29.64, -39.84
548.10, 57.07, -2.02, -24.87, -51.36
549.10, 31.27, -0.33, 29.57, -10.18
550.10, 36.79, 1.66, -3.36, 36.64
555.10, 21.83, -0.67, 17.18, -13.47
560.10, 33.02, -1.32, 8.05, -32.02
565.10, 6.29, -1.20, 2.26, -5.87
570.10, 31.47, 0.61, 25.83, 17.98
575.10, 32.18, 1.57, -0.10, 32.18
580.10, 15.10, 1.75, -2.65, 14.87
585.10, 12.46, 1.65, -1.01, 12.41
590.10, 30.57, 2.49, -24.38, 18.44
595.10, 42.21, -3.00, -41.80, -5.85
600.00, 15.98, 1.26, 4.84, 15.23
605.00, 13.35, 2.42, -10.00, 8.83
610.00, 7.77, -1.14, 3.21, -7.07
615.00, 13.41, 2.97, -13.21, 2.33
620.00, 34.42, -0.66, 27.10, -21.22
625.00, 16.98, 2.43, -12.86, 11.08
630.00, 40.72, 2.57, -34.35, 21.88
635.00, 20.57, 1.70, -2.63, 20.40
640.00, 21.46, 2.06, -10.08, 18.94
645.00, 16.82, -2.60, -14.44, -8.64
650.00, 4.76, -1.80, -1.08, -4.64
655.00, 17.16, -0.71, 13.00, -11.21
656.00, 20.88, 0.42, 19.10, 8.44
657.00, 67.89, 0.20, 66.59, 13.22
658.00, 9.65, 1.95, -3.61, 8.95
659.00, 84.98, 1.29, 23.59, 81.65
660.00, 257.94, -2.51, -208.69, -151.60
660.01, 236.85, -2.60, -203.07, -121.90
660.01, 215.06, -2.69, -193.60, -93.64
660.02, 192.55, -2.78, -180.10, -68.13
660.02, 169.54, -2.87, -163.32, -45.50
660.03, 146.03, -2.96, -143.59, -26.58
660.03, 122.16, -3.05, -121.64, -11.32
660.04, 98.05, -3.14, -98.05, -0.26
660.04, 73.73, 3.06, -73.45, 6.36
660.05, 49.81, 2.97, -49.08, 8.50
660.05, 25.33, 2.89, -24.55, 6.25
660.06, 1.54, -3.07, -1.54, -0.11
660.06, 22.19, -0.49, 19.59, -10.42
660.07, 45.33, -0.56, 38.29, -24.27
660.07, 67.94, -0.65, 54.02, -41.19
660.08, 89.60, -0.74, 66.03, -60.57
660.08, 110.74, -0.83, 74.42, -82.01
660.09, 130.81, -0.92, 78.74, -104.46
660.09, 150.29, -1.02, 79.10, -127.79
660.10, 168.29, -1.11, 75.11, -150.60
660.10, 185.61, -1.20, 67.24, -173.00
660.20, 227.27, -3.12, -227.23, -4.14
660.30, 92.30, -1.10, 41.73, -82.33
660.40, 111.13, -3.13, -111.12, -1.09
660.50, 92.73, -2.07, -44.18, -81.53
660.60, 94.82, 3.08, -94.63, 6.02
660.70, 83.41, 2.76, -77.52, 30.79
660.80, 21.48, -1.53, 0.78, -21.46
660.90, 127.29, 2.67, -113.18, 58.25
661.00, 80.44, 0.17, 79.22, 13.95
661.10, 74.36, -2.63, -64.95, -36.22
662.10, 13.96, 0.09, 13.90, 1.23
663.10, 31.50, -1.73, -5.04, -31.10
664.10, 33.33, -1.78, -7.03, -32.58
665.10, 49.99, -1.47, 5.18, -49.72
666.10, 27.20, -2.68, -24.36, -12.10
667.10, 35.53, -2.33, -24.40, -25.83
668.10, 6.95, 2.23, -4.24, 5.51
669.10, 30.28, 0.06, 30.22, 1.85
670.10, 19.36, -1.44, 2.51, -19.19
675.10, 16.68, 0.34, 15.70, 5.63
680.10, 18.43, 0.19, 18.12, 3.42
685.10, 22.26, 1.72, -3.21, 22.03
690.10, 17.88, -0.00, 17.88, -0.06
695.10, 6.85, -3.02, -6.81, -0.80
700.10, 3.49, -2.91, -3.40, -0.79
705.10, 16.53, 1.70, -2.16, 16.38
710.10, 47.80, 1.20, 17.42, 44.51
715.10, 28.26, 1.11, 12.68, 25.26
0.00, 616.52, 3.14, -616.52, 0.00
5.00, 588.21, -1.02, 309.31, -500.32
10.00, 110.46, 2.92, -107.78, 24.22
15.00, 62.44, 2.39, -45.74, 42.51
20.00, 144.03, 1.15, 58.46, 131.63
25.00, 45.16, 2.11, -23.10, 38.80
30.00, 103.25, -3.09, -103.09, -5.70
35.00, 39.65, -3.05, -39.50, -3.43
40.00, 47.47, 1.38, 9.09, 46.59
45.00, 27.82, 1.63, -1.71, 27.77
50.00, 34.87, -0.13, 34.57, -4.57
55.00, 34.32, -1.76, -6.33, -33.73
56.00, 30.94, 0.86, 20.26, 23.39
57.00, 53.22, 2.40, -39.07, 36.14
58.00, 80.01, 0.01, 80.01, 0.84
59.00, 89.57, 0.00, 89.57, 0.22
60.00, 15705.59, -1.79, -3376.03, -15338.45
60.01, 15577.89, -1.88, -4752.20, -14835.34
60.01, 15403.61, -1.97, -6046.37, -14167.30
60.02, 15160.14, -2.07, -7237.35, -13321.05
60.02, 14917.44, -2.16, -8301.31, -12394.28
60.03, 14609.03, -2.25, -9222.88, -11329.71
60.03, 14274.52, -2.35, -10066.01, -10121.13
60.04, 13891.75, -2.45, -10666.21, -8900.14
60.04, 13469.20, -2.54, -11094.08, -7638.09
60.05, 13009.17, -2.63, -11353.47, -6351.16
60.05, 12514.89, -2.72, -11440.13, -5074.02
60.06, 11989.47, -2.82, -11361.54, -3829.22
60.06, 11437.41, -2.91, -11126.77, -2647.50
60.07, 10854.75, -3.00, -10747.43, -1522.61
60.07, 10251.21, -3.09, -10238.87, -502.81
60.08, 9665.03, 3.09, -9653.89, 463.84
60.08, 9025.07, 3.00, -8937.85, 1251.68
60.09, 8371.52, 2.91, -8151.05, 1908.57
60.09, 7707.64, 2.82, -7315.83, 2426.18
60.10, 7035.40, 2.73, -6453.02, 2802.73
60.10, 6359.62, 2.64, -5585.45, 3040.97
60.20, 3702.88, -2.49, -2950.17, -2237.81
60.30, 1640.41, 2.03, -724.09, 1471.94
60.40, 2479.84, -3.13, -2479.77, -18.62
60.50, 246.57, 1.45, 30.37, 244.69
60.60, 1305.81, 2.54, -1077.33, 737.90
60.70, 653.77, -2.55, -543.09, -363.96
60.80, 592.90, 1.94, -214.83, 552.61
60.90, 844.25, 3.05, -840.55, 78.92
61.00, 56.82, -0.82, 38.69, -41.60
62.00, 79.44, -0.14, 78.71, -10.70
63.00, 17.52, -1.40, 3.03, -17.26
64.00, 24.73, -2.23, -15.05, -19.62
65.00, 37.44, 1.01, 19.90, 31.71
66.00, 59.43, 2.84, -56.73, 17.70
67.00, 24.41, -3.07, -24.35, -1.67
68.00, 3.31, 0.42, 3.02, 1.35
69.00, 38.82, -3.10, -38.79, -1.50
70.00, 47.91, -1.53, 1.91, -47.88
75.00, 31.22, -2.88, -30.17, -8.02
80.00, 31.06, 1.24, 10.00, 29.41
85.00, 7.34, -1.73, -1.15, -7.25
90.00, 11.61, 1.03, 6.01, 9.94
95.00, 29.57, -2.61, -25.52, -14.94
100.00, 31.04, -1.52, 1.65, -30.99
105.00, 34.13, -1.87, -10.16, -32.59
110.00, 46.17, 2.22, -27.73, 36.92
115.00, 25.69, 0.17, 25.32, 4.34
120.00, 21.58, 1.85, -5.98, 20.73
125.00, 35.23, 3.09, -35.19, 1.69
130.00, 34.13, 2.79, -32.04, 11.74
135.00, 10.65, 0.67, 8.36, 6.60
140.00, 22.61, 0.01, 22.61, 0.18
145.00, 30.51, 1.28, 8.78, 29.22
150.00, 32.51, 1.20, 11.73, 30.32
155.00, 5.09, -1.69, -0.58, -5.06
160.00, 26.55, -0.40, 24.47, -10.31
165.00, 40.64, -0.06, 40.56, -2.60
170.00, 27.77, -2.98, -27.39, -4.58
175.00, 69.57, 2.69, -62.69, 30.17
176.00, 44.60, -0.71, 33.75, -29.15
177.00, 36.41, -0.58, 30.53, -19.84
178.00, 76.56, -1.07, 36.91, -67.08
179.00, 131.41, -1.94, -47.97, -122.34
180.00, 4780.93, 2.88, -4612.82, 1256.67
180.01, 4678.02, 2.78, -4379.15, 1645.24
180.01, 4561.91, 2.69, -4102.87, 1994.36
180.02, 4432.19, 2.60, -3788.92, 2299.66
180.02, 4289.49, 2.50, -3446.35, 2553.91
180.03, 4137.99, 2.41, -3079.19, 2764.34
180.03, 3968.50, 2.32, -2702.79, 2905.84
180.04, 3795.20, 2.23, -2315.64, 3006.88
180.04, 3608.00, 2.14, -1932.89, 3046.57
180.05, 3412.84, 2.05, -1562.07, 3034.38
180.05, 3208.97, 1.96, -1209.00, 2972.51
180.06, 2997.91, 1.87, -877.62, 2866.57
180.06, 2780.67, 1.78, -580.93, 2719.31
180.07, 2559.93, 1.69, -312.14, 2540.83
180.07, 2332.22, 1.61, -93.44, 2330.35
180.08, 2107.67, 1.53, 92.55, 2105.63
180.08, 1872.40, 1.45, 227.13, 1858.57
180.09, 1645.95, 1.37, 323.96, 1613.75
180.09, 1417.51, 1.30, 373.31, 1367.47
180.10, 1188.15, 1.24, 381.43, 1125.26
180.10, 964.75, 1.20, 350.69, 898.75
180.20, 1851.49, 2.13, -982.62, 1569.23
180.30, 305.31, 0.86, 198.18, 232.25
180.40, 1267.59, 1.42, 189.03, 1253.42
180.50, 172.99, 0.03, 172.91, 5.21
180.60, 557.53, 0.71, 423.60, 362.50
180.70, 128.69, 2.10, -65.20, 110.94
180.80, 186.67, 0.25, 180.68, 46.92
180.90, 229.19, 1.07, 110.03, 201.05
181.00, 112.31, -2.95, -110.22, -21.56
182.00, 27.14, -1.50, 1.97, -27.07
183.00, 16.72, 2.92, -16.31, 3.67
184.00, 34.91, 0.78, 24.84, 24.53
185.00, 14.21, -1.64, -1.03, -14.18
186.00, 31.69, 1.09, 14.74, 28.06
187.00, 37.37, 1.00, 20.33, 31.36
188.00, 31.04, 0.61, 25.41, 17.82
189.00, 17.56, 2.35, -12.38, 12.46
190.00, 38.73, -1.01, 20.76, -32.70
195.00, 21.36, 1.81, -5.03, 20.76
200.00, 7.37, -0.83, 4.99, -5.43
205.00, 46.26, 1.84, -12.11, 44.65
210.00, 23.35, 0.86, 15.31, 17.63
215.00, 24.25, 1.13, 10.32, 21.94
220.00, 13.19, 2.59, -11.21, 6.94
225.00, 28.29, -0.34, 26.63, -9.57
230.00, 22.13, -0.38, 20.59, -8.11
235.00, 20.03, -0.55, 17.11, -10.41
240.00, 5.85, 1.90, -1.91, 5.53
245.00, 22.74, 2.04, -10.22, 20.31
250.00, 33.01, -1.63, -1.92, -32.95
255.00, 5.51, 0.56, 4.66, 2.93
260.00, 28.09, -0.73, 20.94, -18.73
265.00, 18.90, 0.59, 15.71, 10.52
270.00, 44.45, -2.97, -43.76, -7.81
275.00, 27.74, 2.65, -24.49, 13.03
280.00, 25.18, -2.68, -22.54, -11.22
285.00, 46.84, -1.63, -2.58, -46.77
290.00, 43.38, 0.24, 42.14, 10.29
295.00, 134.66, -0.18, 132.50, -24.04
296.00, 75.88, 2.35, -53.12, 54.18
297.00, 117.96, 2.61, -101.49, 60.13
298.00, 107.02, 1.90, -34.64, 101.26
299.00, 299.85, 1.04, 151.65, 258.67
300.00, 4130.22, -0.31, 3936.41, -1250.34
300.01, 3975.04, -0.40, 3658.15, -1555.29
300.01, 3808.37, -0.50, 3347.78, -1815.50
300.02, 3628.64, -0.59, 3017.03, -2016.08
300.02, 3443.30, -0.68, 2670.98, -2173.07
300.03, 3243.86, -0.77, 2322.67, -2264.47
300.03, 3038.57, -0.86, 1971.45, -2312.20
300.04, 2822.74, -0.95, 1631.69, -2303.36
300.04, 2603.14, -1.04, 1310.85, -2249.00
300.05, 2375.20, -1.13, 1015.99, -2146.94
300.05, 2145.62, -1.21, 750.22, -2010.19
300.06, 1912.00, -1.29, 521.60, -1839.47
300.06, 1675.05, -1.37, 329.16, -1642.39
300.07, 1436.58, -1.44, 181.08, -1425.12
300.07, 1201.84, -1.51, 77.74, -1199.32
300.08, 969.80, -1.55, 17.09, -969.65
300.08, 741.71, -1.57, 1.40, -741.71
300.09, 522.27, -1.52, 26.26, -521.61
300.09, 333.97, -1.30, 88.05, -322.16
300.10, 234.04, -0.67, 183.78, -144.91
300.10, 310.31, 0.02, 310.22, 7.59
300.20, 2146.12, -1.04, 1082.95, -1852.84
300.30, 476.16, -0.49, 421.13, -222.21
300.40, 1754.21, -1.80, -404.07, -1707.04
300.50, 135.80, -2.36, -96.32, -95.73
300.60, 821.47, -2.46, -638.49, -516.86
300.70, 140.45, -2.25, -87.76, -109.66
300.80, 249.75, -3.14, -249.75, -0.98
300.90, 253.00, -2.81, -239.41, -81.80
301.00, 237.39, 0.33, 224.49, 77.18
302.00, 114.49, 0.56, 96.90, 60.99
303.00, 42.15, 1.53, 1.70, 42.11
304.00, 62.22, -1.86, -17.69, -59.65
305.00, 63.25, 0.66, 50.05, 38.68
306.00, 44.03, -0.96, 25.17, -36.12
307.00, 57.99, -2.10, -29.48, -49.94
308.00, 6.14, -2.40, -4.54, -4.14
309.00, 78.61, -0.36, 73.69, -27.36
310.00, 34.40, -1.96, -13.05, -31.83
315.00, 24.72, 0.04, 24.70, 1.04
320.00, 26.55, -0.23, 25.86, -6.01
325.00, 9.52, -0.96, 5.45, -7.81
330.00, 16.76, -1.83, -4.33, -16.19
335.00, 16.51, -1.38, 3.12, -16.21
340.00, 30.76, -2.67, -27.44, -13.91
345.00, 19.02, 2.45, -14.69, 12.07
350.00, 10.94, -0.59, 9.08, -6.10
355.00, 32.66, 0.54, 27.94, 16.90
360.00, 27.60, 2.50, -22.15, 16.46
365.00, 31.95, 0.96, 18.37, 26.14
370.00, 23.24, -2.77, -21.65, -8.47
375.00, 10.53, -0.99, 5.80, -8.79
380.00, 8.66, -1.55, 0.19, -8.66
385.00, 6.72, 0.21, 6.57, 1.41
390.00, 11.64, 0.34, 10.97, 3.89
395.00, 8.08, -0.69, 6.22, -5.15
400.00, 5.69, -0.57, 4.78, -3.08
405.00, 15.86, 0.87, 10.24, 12.11
410.00, 44.79, -3.12, -44.78, -1.11
415.00, 68.50, 2.96, -67.35, 12.48
416.00, 32.39, 0.11, 32.20, 3.55
417.00, 91.28, -0.53, 78.75, -46.15
418.00, 55.81, -0.36, 52.25, -19.61
419.00, 197.10, -1.61, -6.96, -196.98
420.00, 1276.68, -3.08, -1274.27, -78.43
420.01, 1201.80, 3.11, -1201.07, 41.73
420.01, 1122.83, 3.01, -1113.28, 146.09
420.02, 1040.77, 2.92, -1014.71, 231.44
420.02, 955.15, 2.83, -907.84, 296.88
420.03, 867.99, 2.73, -796.90, 344.02
420.03, 778.85, 2.64, -684.49, 371.60
420.04, 687.96, 2.56, -573.37, 380.18
420.04, 595.17, 2.47, -467.00, 368.97
420.05, 503.42, 2.39, -368.72, 342.76
420.05, 411.52, 2.32, -280.64, 300.99
420.06, 318.36, 2.27, -203.87, 244.52
420.06, 227.45, 2.24, -140.89, 178.56
420.07, 140.02, 2.30, -93.63, 104.11
420.07, 66.60, 2.78, -62.31, 23.50
420.08, 75.61, -2.25, -47.66, -58.70
420.08, 148.97, -1.91, -49.39, -140.54
420.09, 229.71, -1.87, -67.00, -219.72
420.09, 308.94, -1.90, -99.42, -292.50
420.10, 385.72, -1.96, -145.20, -357.35
420.10, 458.20, -2.03, -202.70, -410.93
420.20, 811.97, 2.51, -655.49, 479.21
420.30, 473.01, -2.92, -461.86, -102.10
420.40, 815.19, 1.73, -128.32, 805.03
420.50, 156.23, 2.24, -96.97, 122.49
420.60, 446.56, 1.01, 237.80, 377.98
420.70, 76.35, 1.22, 25.95, 71.81
420.80, 153.21, 0.47, 136.28, 70.00
420.90, 138.54, 0.24, 134.65, 32.60
421.00, 131.70, -2.34, -91.70, -94.53
422.00, 59.21, -2.90, -57.48, -14.22
423.00, 76.79, -0.74, 56.85, -51.63
424.00, 33.08, 2.36, -23.41, 23.37
425.00, 23.26, -2.15, -12.79, -19.43
426.00, 60.62, -2.86, -58.24, -16.80
427.00, 32.09, 1.07, 15.35, 28.18
428.00, 33.94, 0.55, 28.85, 17.88
429.00, 54.76, -2.71, -49.63, -23.12
430.00, 10.93, -2.99, -10.80, -1.64
435.00, 12.82, -2.80, -12.08, -4.31
440.00, 30.35, -2.15, -16.60, -25.41
445.00, 7.22, 0.69, 5.55, 4.62
450.00, 22.14, -0.36, 20.73, -7.77
455.00, 12.83, 2.07, -6.13, 11.27
460.00, 20.46, 1.99, -8.34, 18.69
465.00, 30.79, -0.93, 18.37, -24.72
470.00, 34.68, -2.60, -29.64, -18.01
475.00, 7.87, -1.30, 2.08, -7.59
480.00, 11.89, -2.70, -10.76, -5.07
485.00, 28.47, -3.03, -28.29, -3.15
490.00, 23.60, 3.01, -23.39, 3.13
495.00, 26.89, 1.42, 4.03, 26.58
500.00, 36.56, -0.67, 28.65, -22.72
505.00, 25.45, 2.70, -23.00, 10.88
510.00, 31.43, 2.59, -26.82, 16.39
515.00, 8.99, 1.76, -1.70, 8.83
520.00, 8.12, -2.18, -4.64, -6.66
525.00, 8.88, -1.76, -1.63, -8.73
530.00, 18.62, 0.94, 11.05, 14.98
535.00, 29.79, -0.49, 26.24, -14.11
536.00, 42.06, 1.18, 15.91, 38.93
537.00, 50.99, 3.10, -50.95, 2.02
538.00, 36.89, 2.69, -33.20, 16.08
539.00, 123.00, 1.55, 2.45, 122.98
540.00, 324.85, -0.16, 320.81, -51.03
540.01, 295.14, -0.27, 284.60, -78.18
540.01, 264.40, -0.38, 245.80, -97.40
540.02, 233.23, -0.49, 205.66, -110.00
540.02, 201.05, -0.61, 165.11, -114.71
540.03, 168.75, -0.73, 125.84, -112.43
540.03, 136.50, -0.86, 88.98, -103.52
540.04, 104.14, -1.01, 55.51, -88.11
540.04, 72.22, -1.20, 26.14, -67.33
540.05, 41.97, -1.52, 1.94, -41.92
540.05, 21.13, -2.47, -16.52, -13.18
540.06, 33.91, 2.58, -28.79, 17.92
540.06, 61.64, 2.17, -34.90, 50.80
540.07, 90.81, 1.96, -34.45, 84.02
540.07, 119.37, 1.80, -27.60, 116.13
540.08, 147.29, 1.67, -14.85, 146.54
540.08, 174.04, 1.55, 3.63, 174.00
540.09, 199.44, 1.44, 26.66, 197.65
540.09, 223.33, 1.33, 54.19, 216.66
540.10, 245.34, 1.22, 85.05, 230.12
540.10, 265.74, 1.11, 117.69, 238.26
540.20, 221.70, -0.86, 144.94, -167.75
540.30, 315.65, 0.32, 300.09, 97.89
540.40, 322.95, -1.56, 3.15, -322.93
540.50, 142.40, -0.34, 134.36, -47.16
540.60, 221.23, -2.03, -98.63, -198.03
540.70, 81.14, -1.69, -10.03, -80.51
540.80, 111.62, -2.54, -92.01, -63.19
540.90, 118.15, -3.05, -117.65, -10.94
541.00, 67.93, 1.24, 22.17, 64.21
541.10, 48.08, -2.60, -41.22, -24.75
542.10, 133.95, -1.66, -11.92, -133.42
543.10, 30.04, 2.67, -26.75, 13.68
544.10, 17.28, -1.62, -0.87, -17.26
545.10, 8.26, 1.93, -2.87, 7.75
546.10, 20.43, -1.82, -5.08, -19.79
547.10, 28.05, 2.64, -24.56, 13.55
548.10, 22.24, 3.14, -22.24, 0.01
549.10, 6.62, 1.32, 1.66, 6.41
550.10, 47.18, 2.56, -39.32, 26.08
555.10, 54.17, 0.97, 30.70, 44.63
560.10, 26.90, -2.34, -18.73, -19.31
565.10, 5.72, -1.77, -1.15, -5.60
570.10, 12.78, -2.26, -8.12, -9.87
575.10, 13.67, -0.16, 13.49, -2.18
580.10, 2.38, -1.08, 1.11, -2.10
585.10, 18.00, 1.80, -4.15, 17.51
590.10, 21.40, -1.79, -4.72, -20.87
595.10, 17.64, -0.94, 10.40, -14.25
600.00, 4.06, -0.78, 2.90, -2.84
605.00, 38.58, 1.23, 13.02, 36.32
610.00, 27.54, -0.48, 24.39, -12.78
615.00, 14.26, -0.25, 13.81, -3.54
620.00, 5.53, -2.46, -4.28, -3.50
625.00, 33.65, 2.14, -18.21, 28.29
630.00, 25.58, 0.04, 25.56, 0.99
635.00, 14.88, -1.57, 0.05, -14.88
640.00, 44.24, -0.37, 41.30, -15.84
645.00, 30.18, 0.94, 17.85, 24.33
650.00, 17.66, 2.83, -16.79, 5.48
655.00, 61.21, 1.80, -13.91, 59.61
656.00, 14.53, -0.05, 14.51, -0.75
657.00, 49.93, -0.88, 31.83, -38.47
658.00, 40.68, -0.71, 30.79, -26.59
659.00, 47.81, -1.56, 0.35, -47.81
660.00, 83.59, 2.23, -51.47, 65.86
660.01, 66.08, 2.03, -29.03, 59.36
660.01, 49.75, 1.75, -8.76, 48.97
660.02, 36.24, 1.32, 8.98, 35.11
660.02, 29.78, 0.66, 23.54, 18.25
660.03, 34.49, -0.03, 34.48, -0.97
660.03, 46.91, -0.49, 41.50, -21.88
660.04, 62.38, -0.78, 44.44, -43.78
660.04, 78.82, -0.99, 43.12, -65.98
660.05, 95.41, -1.17, 37.56, -87.70
660.05, 111.68, -1.31, 28.26, -108.04
660.06, 127.50, -1.45, 14.97, -126.62
660.06, 142.86, -1.58, -1.70, -142.85
660.07, 157.73, -1.70, -20.92, -156.34
660.07, 171.35, -1.82, -42.77, -165.93
660.08, 184.42, -1.94, -65.96, -172.22
660.08, 196.30, -2.05, -90.70, -174.09
660.09, 207.20, -2.16, -115.16, -172.25
660.09, 216.64, -2.27, -139.63, -165.64
660.10, 225.13, -2.38, -162.83, -155.47
660.10, 232.24, -2.49, -183.96, -141.76
660.20, 93.02, 1.73, -14.89, 91.82
660.30, 259.80, 3.03, -258.15, 29.20
660.40, 190.87, 1.21, 66.73, 178.82
660.50, 152.13, 2.05, -70.47, 134.83
660.60, 170.33, 0.34, 160.74, 56.33
660.70, 36.94, 1.37, 7.41, 36.19
660.80, 76.60, 0.09, 76.31, 6.66
660.90, 60.36, -0.60, 49.96, -33.87
661.00, 30.85, -2.74, -28.45, -11.92
661.10, 15.18, -0.20, 14.88, -3.01
662.10, 76.47, 0.71, 57.75, 50.13
663.10, 32.20, -2.31, -21.77, -23.73
664.10, 59.38, 2.00, -24.73, 53.99
665.10, 40.85, -1.31, 10.51, -39.48
666.10, 34.98, 2.00, -14.52, 31.82
667.10, 28.64, -1.29, 8.06, -27.49
668.10, 10.45, -2.27, -6.77, -7.97
669.10, 19.81, 1.48, 1.71, 19.74
670.10, 18.10, -0.39, 16.72, -6.92
675.10, 19.40, -1.18, 7.44, -17.91
680.10, 42.74, -2.53, -34.87, -24.71
685.10, 34.18, -3.12, -34.17, -0.67
690.10, 8.79, -1.55, 0.22, -8.79
695.10, 28.73, 0.50, 25.20, 13.78
700.10, 4.12, -0.11, 4.09, -0.44
705.10, 21.94, -2.62, -19.06, -10.85
710.10, 32.09, 2.63, -27.91, 15.83
715.10, 8.48, 2.68, -7.57, 3.81
0.00, 1132.62, 3.14, -1132.62, 0.00
5.00, 508.29, 2.53, -415.63, 292.59
10.00, 184.07, 1.04, 93.86, 158.33
15.00, 97.04, -1.71, -13.34, -96.12
20.00, 81.36, -3.06, -81.12, -6.23
25.00, 31.18, -2.21, -18.70, -24.95
30.00, 107.50, -0.02, 107.49, -1.72
35.00, 77.90, 0.17, 76.73, 13.44
40.00, 61.37, 0.69, 47.23, 39.19
45.00, 22.42, -0.33, 21.21, -7.27
50.00, 50.78, 2.60, -43.46, 26.27
55.00, 76.53, 1.90, -24.90, 72.36
56.00, 79.40, 1.62, -4.02, 79.30
57.00, 123.55, -2.11, -63.01, -106.28
58.00, 90.14, 1.98, -36.12, 82.59
59.00, 119.84, 1.97, -46.62, 110.40
60.00, 15641.28, -1.82, -3806.86, -15170.94
60.01, 15499.64, -1.91, -5152.69, -14618.09
60.01, 15286.44, -2.00, -6412.79, -13876.28
60.02, 15079.55, -2.10, -7558.96, -13048.17
60.02, 14788.58, -2.19, -8578.93, -12045.91
60.03, 14475.94, -2.28, -9451.10, -10964.92
60.03, 14144.36, -2.38, -10238.54, -9758.85
60.04, 13754.43, -2.47, -10789.41, -8530.71
60.04, 13326.40, -2.56, -11167.90, -7271.23
60.05, 12863.59, -2.66, -11378.00, -6001.08
60.05, 12364.07, -2.75, -11420.81, -4736.57
60.06, 11839.02, -2.84, -11304.26, -3517.96
60.06, 11286.22, -2.93, -11037.58, -2355.98
60.07, 10710.38, -3.02, -10633.92, -1277.46
60.07, 10113.17, -3.11, -10108.86, -295.37
60.08, 9535.16, 3.07, -9513.92, 636.00
60.08, 8905.96, 2.99, -8797.74, 1384.17
60.09, 8265.81, 2.90, -8019.55, 2002.59
60.09, 7617.33, 2.81, -7199.74, 2487.45
60.10, 6964.15, 2.72, -6360.37, 2836.37
60.10, 6309.26, 2.64, -5521.77, 3052.34
60.20, 3147.38, -2.63, -2738.74, -1550.91
60.30, 907.15, 1.70, -115.90, 899.72
60.40, 2485.37, -3.08, -2480.92, -148.67
60.50, 145.19, -2.56, -121.37, -79.67
60.60, 1257.63, 2.49, -998.82, 764.20
60.70, 803.40, -2.53, -656.87, -462.58
60.80, 398.76, 1.74, -65.53, 393.34
60.90, 1013.52, -3.05, -1009.58, -89.35
61.00, 162.64, -2.46, -126.32, -102.45
62.00, 92.59, -2.04, -41.69, -82.67
63.00, 90.39, 2.10, -45.66, 78.00
64.00, 50.69, -1.89, -16.04, -48.09
65.00, 59.41, -1.73, -9.43, -58.66
66.00, 38.86, -3.03, -38.64, -4.14
67.00, 36.30, -0.45, 32.65, -15.86
68.00, 40.68, 2.78, -38.05, 14.38
69.00, 20.53, 0.76, 14.86, 14.17
70.00, 44.74, -1.91, -14.73, -42.25
75.00, 18.06, -2.37, -12.91, -12.63
80.00, 16.46, -1.98, -6.55, -15.10
85.00, 29.89, -1.11, 13.25, -26.79
90.00, 29.31, -0.40, 27.01, -11.39
95.00, 12.43, 2.42, -9.33, 8.21
100.00, 8.45, -1.66, -0.75, -8.41
105.00, 8.58, -0.11, 8.52, -0.97
110.00, 85.53, 1.43, 11.86, 84.70
115.00, 26.42, -1.63, -1.51, -26.38
120.00, 8.57, -1.85, -2.40, -8.23
125.00, 39.29, 2.27, -25.29, 30.07
130.00, 17.88, -2.33, -12.34, -12.93
135.00, 19.05, 2.77, -17.78, 6.84
140.00, 42.85, -0.88, 27.16, -33.15
145.00, 11.02, -0.94, 6.50, -8.90
150.00, 9.11, -0.12, 9.04, -1.09
155.00, 43.50, -1.73, -7.05, -42.92
160.00, 35.67, 0.69, 27.44, 22.80
165.00, 6.86, 1.85, -1.90, 6.59
170.00, 27.34, 2.01, -11.70, 24.71
175.00, 51.74, -0.26, 50.00, -13.31
176.00, 36.95, -0.84, 24.67, -27.50
177.00, 126.67, 2.06, -58.98, 112.10
178.00, 124.62, 0.32, 118.16, 39.62
179.00, 96.53, 0.71, 72.89, 63.28
180.00, 4812.03, 2.80, -4540.30, 1594.15
180.01, 4698.02, 2.71, -4272.43, 1953.90
180.01, 4570.89, 2.62, -3965.16, 2273.87
180.02, 4431.42, 2.53, -3631.00, 2540.33
180.02, 4280.32, 2.44, -3273.16, 2758.18
180.03, 4121.75, 2.35, -2895.78, 2933.15
180.03, 3946.42, 2.26, -2517.09, 3039.50
180.04, 3765.46, 2.17, -2138.90, 3099.00
180.04, 3580.19, 2.09, -1766.41, 3114.09
180.05, 3384.12, 2.00, -1412.31, 3075.34
180.05, 3181.88, 1.92, -1077.28, 2993.97
180.06, 2974.67, 1.83, -771.55, 2872.87
180.06, 2763.58, 1.75, -499.62, 2718.05
180.07, 2554.14, 1.67, -259.57, 2540.92
180.07, 2334.75, 1.60, -64.90, 2333.84
180.08, 2123.80, 1.52, 97.71, 2121.55
180.08, 1905.60, 1.46, 210.52, 1893.93
180.09, 1698.62, 1.40, 293.06, 1673.15
180.09, 1495.91, 1.34, 336.77, 1457.51
180.10, 1291.47, 1.31, 337.22, 1246.67
180.10, 1100.01, 1.29, 309.63, 1055.53
180.20, 1312.70, 1.78, -272.73, 1284.06
180.30, 304.68, -2.43, -229.98, -199.84
180.40, 1045.01, 1.50, 77.53, 1042.13
180.50, 187.24, 2.18, -106.50, 154.00
180.60, 374.61, 0.61, 306.44, 215.47
180.70, 324.89, 1.99, -132.89, 296.47
180.80, 90.83, -1.05, 45.20, -78.78
180.90, 322.02, 1.75, -57.98, 316.76
181.00, 224.16, 2.09, -111.32, 194.57
182.00, 37.06, 2.50, -29.65, 22.24
183.00, 72.48, 0.74, 53.69, 48.69
184.00, 49.53, 2.73, -45.31, 20.00
185.00, 65.45, 2.37, -46.80, 45.76
186.00, 43.81, 1.02, 22.84, 37.39
187.00, 6.51, -2.50, -5.23, -3.87
188.00, 53.60, 1.96, -20.22, 49.63
189.00, 35.52, 2.57, -29.85, 19.25
190.00, 38.95, 3.07, -38.85, 2.76
195.00, 33.76, -0.95, 19.75, -27.38
200.00, 18.36, -0.58, 15.34, -10.08
205.00, 52.65, 3.02, -52.25, 6.48
210.00, 20.27, -2.41, -15.05, -13.58
215.00, 50.23, 1.85, -13.80, 48.30
220.00, 56.38, 2.05, -25.86, 50.10
225.00, 27.42, -1.73, -4.26, -27.09
230.00, 31.76, -1.26, 9.86, -30.19
235.00, 26.26, 1.39, 4.64, 25.85
240.00, 18.43, 1.88, -5.65, 17.54
245.00, 11.47, 1.76, -2.19, 11.26
250.00, 24.94, -0.50, 21.86, -11.99
255.00, 51.61, 1.99, -20.83, 47.22
260.00, 52.36, -3.01, -51.87, -7.10
265.00, 18.45, 2.67, -16.45, 8.34
270.00, 34.72, 0.52, 30.19, 17.15
275.00, 49.13, -2.84, -46.88, -14.71
280.00, 24.34, -0.93, 14.48, -19.56
285.00, 4.89, 2.89, -4.73, 1.23
290.00, 55.20, 1.80, -12.60, 53.74
295.00, 25.25, 1.87, -7.43, 24.13
296.00, 54.36, 3.06, -54.19, 4.30
297.00, 256.32, -0.95, 149.57, -208.16
298.00, 256.39, -3.13, -256.37, -3.71
299.00, 46.65, -0.96, 26.76, -38.22
300.00, 4170.82, -0.38, 3879.38, -1531.70
300.01, 3997.18, -0.46, 3579.02, -1779.91
300.01, 3814.65, -0.54, 3263.04, -1975.88
300.02, 3621.85, -0.62, 2938.60, -2117.17
300.02, 3427.20, -0.70, 2610.57, -2220.51
300.03, 3219.48, -0.78, 2289.39, -2263.56
300.03, 3015.22, -0.85, 1980.99, -2273.15
300.04, 2802.82, -0.92, 1689.61, -2236.30
300.04, 2591.79, -0.99, 1422.63, -2166.45
300.05, 2378.40, -1.05, 1185.84, -2061.69
300.05, 2169.81, -1.10, 978.63, -1936.58
300.06, 1962.88, -1.15, 805.88, -1789.82
300.06, 1765.13, -1.18, 668.03, -1633.83
300.07, 1574.44, -1.20, 567.91, -1468.44
300.07, 1399.20, -1.21, 498.64, -1307.33
300.08, 1239.43, -1.19, 465.87, -1148.55
300.08, 1104.63, -1.14, 460.51, -1004.07
300.09, 997.77, -1.06, 483.87, -872.59
300.09, 927.49, -0.97, 526.86, -763.32
300.10, 895.74, -0.86, 587.23, -676.40
300.10, 901.63, -0.75, 662.39, -611.70
300.20, 1361.27, -1.69, -163.48, -1351.41
300.30, 953.29, 0.27, 917.74, 257.89
300.40, 1120.82, -1.75, -199.62, -1102.90
300.50, 425.83, -1.04, 214.41, -367.91
300.60, 313.52, -2.81, -296.02, -103.29
300.70, 360.40, -1.43, 51.79, -356.66
300.80, 197.81, 0.77, 141.62, 138.11
300.90, 338.04, -1.35, 73.04, -330.05
301.00, 427.53, -1.15, 176.17, -389.54
302.00, 57.57, -1.23, 19.13, -54.30
303.00, 71.70, -2.03, -31.46, -64.43
304.00, 46.86, -0.99, 25.75, -39.15
305.00, 137.35, -0.70, 104.94, -88.62
306.00, 104.78, -2.73, -95.98, -42.02
307.00, 77.12, 0.17, 75.98, 13.24
308.00, 59.75, -0.64, 47.77, -35.90
309.00, 42.39, 0.13, 42.06, 5.29
310.00, 35.77, -1.62, -1.64, -35.73
315.00, 14.65, 0.95, 8.51, 11.93
320.00, 20.93, 0.14, 20.74, 2.84
325.00, 33.64, 1.22, 11.46, 31.63
330.00, 20.33, 1.39, 3.58, 20.01
335.00, 4.97, 0.23, 4.84, 1.15
340.00, 3.07, 0.55, 2.61, 1.61
345.00, 20.33, -1.58, -0.11, -20.33
350.00, 32.80, -2.96, -32.25, -5.96
355.00, 54.83, -1.45, 6.60, -54.43
360.00, 24.64, -2.19, -14.34, -20.03
365.00, 15.72, 1.68, -1.72, 15.63
370.00, 30.70, -1.35, 6.74, -29.95
375.00, 47.79, 0.79, 33.61, 33.97
380.00, 32.10, 0.09, 31.96, 2.98
385.00, 8.45, 1.92, -2.90, 7.94
390.00, 7.99, 0.24, 7.76, 1.93
395.00, 35.54, 2.31, -23.81, 26.38
400.00, 28.61, 1.41, 4.71, 28.22
405.00, 28.62, -2.03, -12.67, -25.66
410.00, 23.88, -1.06, 11.72, -20.81
415.00, 27.74, -2.05, -12.84, -24.59
416.00, 13.44, 2.05, -6.24, 11.91
417.00, 83.03, 2.85, -79.62, 23.53
418.00, 185.94, 0.41, 170.17, 74.94
419.00, 21.50, -2.67, -19.11, -9.84
420.00, 1294.37, -3.03, -1286.96, -138.31
420.01, 1213.75, -3.10, -1212.63, -52.26
420.01, 1133.31, 3.12, -1133.13, 19.88
420.02, 1052.27, 3.07, -1049.64, 74.34
420.02, 971.48, 3.03, -965.03, 111.72
420.03, 893.54, 2.99, -883.25, 135.25
420.03, 818.87, 2.96, -805.94, 144.96
420.04, 749.00, 2.95, -735.16, 143.31
420.04, 684.56, 2.95, -672.36, 128.67
420.05, 629.11, 2.97, -619.75, 108.11
420.05, 582.76, 3.01, -577.42, 78.71
420.06, 548.86, 3.06, -546.84, 47.05
420.06, 527.57, 3.11, -527.37, 14.67
420.07, 519.26, -3.10, -518.87, -20.04
420.07, 523.43, -3.04, -520.95, -50.91
420.08, 538.25, -3.00, -532.65, -77.40
420.08, 560.94, -2.97, -552.41, -97.50
420.09, 589.30, -2.95, -578.74, -111.05
420.09, 620.43, -2.96, -609.75, -114.63
420.10, 652.70, -2.97, -643.61, -108.52
420.10, 684.16, -3.01, -677.93, -92.09
420.20, 499.50, 1.51, 32.43, 498.45
420.30, 627.99, -2.62, -545.17, -311.70
420.40, 445.37, 1.79, -95.38, 435.03
420.50, 268.83, 2.31, -180.45, 199.26
420.60, 116.49, 0.15, 115.12, 17.82
420.70, 175.32, 2.04, -79.92, 156.04
420.80, 114.37, -1.59, -2.02, -114.36
420.90, 154.49, 3.05, -153.89, 13.67
421.00, 277.33, 2.26, -176.42, 213.99
422.00, 7.10, 2.78, -6.64, 2.50
423.00, 52.48, 2.13, -27.84, 44.48
424.00, 55.71, 2.31, -37.59, 41.13
425.00, 39.82, 3.10, -39.78, 1.75
426.00, 21.31, 0.63, 17.26, 12.51
427.00, 6.28, 0.24, 6.09, 1.52
428.00, 29.90, -2.44, -22.80, -19.34
429.00, 35.15, 2.23, -21.52, 27.79
430.00, 18.77, 2.49, -14.90, 11.42
435.00, 28.48, -2.12, -14.87, -24.29
440.00, 21.52, 0.48, 19.11, 9.90
445.00, 39.16, 1.10, 17.79, 34.88
450.00, 42.83, 0.76, 30.95, 29.61
455.00, 4.48, -1.59, -0.10, -4.48
460.00, 18.05, 2.81, -17.05, 5.92
465.00, 24.16, -2.94, -23.67, -4.84
470.00, 42.16, 2.73, -38.58, 16.99
475.00, 12.67, -1.10, 5.71, -11.31
480.00, 5.48, 0.26, 5.29, 1.42
485.00, 21.22, 0.98, 11.90, 17.57
490.00, 19.25, -2.62, -16.65, -9.66
495.00, 23.07, 0.32, 21.93, 7.17
500.00, 24.30, -1.47, 2.43, -24.18
505.00, 16.18, -2.61, -13.97, -8.17
510.00, 22.66, -1.35, 5.02, -22.09
