60, 15634.49, -1.72, -2264.90, -15469.57
180, 5405.48, 3.13, -5405.24, 51.33
300, 5637.40, 0.11, 5604.90, 604.50
420, 2272.03, -2.44, -1729.20, -1473.76
3458

60, 15781.92, -1.72, -2306.67, -15612.43
180, 5385.69, -3.14, -5385.67, -15.52
300, 5524.24, 0.12, 5482.64, 676.70
420, 2388.61, -2.42, -1795.76, -1575.03
3458

60, 15762.39, -1.72, -2416.94, -15575.98
180, 5393.84, 3.12, -5392.26, 130.40
300, 5553.91, 0.08, 5536.33, 441.52
420, 2471.69, -2.48, -1952.27, -1515.88
3458

60, 15781.43, -1.73, -2477.52, -15585.75
180, 5429.48, 3.11, -5427.25, 155.83
300, 5562.99, 0.07, 5548.24, 404.80
420, 2435.99, -2.52, -1977.00, -1423.21
3458

60, 15758.73, -1.73, -2536.12, -15553.31
180, 5429.27, 3.11, -5426.40, 176.33
300, 5623.75, 0.04, 5618.46, 244.02
420, 2316.59, -2.49, -1844.44, -1401.65
3458

60, 15828.31, -1.72, -2323.09, -15656.91
180, 5436.32, 3.12, -5435.03, 118.43
300, 5701.82, 0.11, 5670.29, 598.88
420, 2408.92, -2.47, -1885.46, -1499.31
3458

60, 15871.76, -1.73, -2465.64, -15679.07
180, 5307.93, 3.10, -5303.04, 227.84
300, 5585.85, 0.05, 5579.94, 256.97
420, 2385.61, -2.52, -1936.16, -1393.71
3457

60, 15873.58, -1.75, -2832.75, -15618.78
180, 5409.65, 3.06, -5389.52, 466.27
300, 5534.95, -0.02, 5533.57, -123.49
420, 2385.70, -2.63, -2078.13, -1171.73
3457

60, 15852.64, -1.75, -2901.56, -15584.84
180, 5434.24, 3.05, -5410.71, 505.14
300, 5498.57, -0.05, 5490.35, -300.66
420, 2360.99, -2.64, -2070.82, -1134.01
3457

60, 15853.00, -1.76, -2934.49, -15579.03
180, 5385.98, 3.03, -5352.25, 601.80
300, 5590.72, -0.05, 5583.77, -278.76
420, 2383.95, -2.63, -2083.12, -1159.25
3457

60, 15863.21, -1.74, -2638.38, -15642.26
180, 5425.57, 3.13, -5425.11, 70.70
300, 5664.61, 0.01, 5664.50, 35.38
420, 2347.42, -2.46, -1829.32, -1471.04
3457

60, 15819.24, -1.75, -2766.95, -15575.38
180, 5367.67, 3.04, -5342.13, 522.95
300, 5600.77, -0.03, 5598.93, -143.56
420, 2360.39, -2.64, -2070.52, -1133.29
3457

60, 15787.71, -1.75, -2799.61, -15537.50
180, 5347.55, 3.06, -5329.04, 444.56
300, 5662.98, -0.01, 5662.47, -75.91
420, 2441.49, -2.62, -2112.47, -1224.07
3457

60, 15873.38, -1.74, -2665.39, -15648.00
180, 5358.88, 3.06, -5339.22, 458.52
300, 5582.00, 0.02, 5581.00, 105.51
420, 2244.75, -2.58, -1898.77, -1197.31
3457

60, 15757.72, -1.73, -2501.53, -15557.89
180, 5425.74, 3.10, -5420.74, 232.89
300, 5645.72, 0.04, 5641.57, 216.43
420, 2426.65, -2.55, -2016.43, -1350.06
3457

60, 15894.80, -1.77, -3136.62, -15582.25
180, 5279.18, 2.99, -5217.26, 806.20
300, 5560.89, -0.15, 5500.27, -818.89
420, 2318.35, -2.80, -2183.05, -780.41
3456

60, 15766.37, -1.76, -2956.73, -15486.64
180, 5355.09, 3.01, -5309.37, 698.23
300, 5522.42, -0.09, 5498.38, -514.74
420, 2343.16, -2.74, -2157.01, -915.25
3456

60, 15697.80, -1.76, -2885.29, -15430.36
180, 5435.24, 3.01, -5389.59, 702.96
300, 5707.68, -0.10, 5677.24, -588.76
420, 2325.22, -2.73, -2134.16, -923.03
3456

60, 15841.09, -1.77, -3152.53, -15524.23
180, 5333.86, 2.98, -5264.61, 856.74
300, 5622.69, -0.13, 5577.12, -714.36
420, 2347.22, -2.78, -2195.64, -829.82
3456

60, 15835.01, -1.75, -2871.43, -15572.50
180, 5351.10, 3.04, -5322.00, 557.39
300, 5600.02, -0.05, 5592.26, -294.63
420, 2422.64, -2.67, -2158.31, -1100.40
3456

60, 15812.33, -1.73, -2546.44, -15605.94
180, 5351.33, 3.07, -5338.25, 373.92
300, 5616.70, 0.01, 5616.26, 70.40
420, 2299.42, -2.60, -1966.49, -1191.74
3456

60, 15736.68, -1.75, -2758.54, -15493.02
180, 5412.59, 3.04, -5382.36, 571.29
300, 5730.01, -0.04, 5725.62, -224.22
420, 2321.47, -2.67, -2072.35, -1046.24
3456

60, 15727.79, -1.74, -2699.96, -15494.31
180, 5365.73, 3.05, -5343.38, 489.19
300, 5602.66, 0.00, 5602.63, 18.22
420, 2332.26, -2.62, -2017.11, -1170.78
3456

60, 15870.93, -1.75, -2878.25, -15607.76
180, 5406.50, 3.03, -5372.03, 609.62
300, 5582.27, -0.05, 5576.20, -260.24
420, 2372.67, -2.69, -2130.93, -1043.40
3456

60, 15663.55, -1.74, -2602.26, -15445.87
180, 5327.68, 3.06, -5308.01, 457.42
300, 5678.32, -0.01, 5677.95, -65.32
420, 2368.50, -2.60, -2031.78, -1217.23
3456

60, 15756.91, -1.74, -2647.44, -15532.91
180, 5455.10, 3.04, -5426.67, 556.23
300, 5707.46, -0.06, 5695.41, -370.69
420, 2280.61, -2.67, -2030.58, -1038.24
3456

60, 15774.35, -1.76, -3027.51, -15481.10
180, 5435.24, 3.00, -5379.84, 774.02
300, 5492.30, -0.12, 5455.55, -634.25
420, 2417.25, -2.79, -2266.11, -841.33
3456

60, 15726.00, -1.75, -2822.56, -15470.62
180, 5292.42, 3.02, -5250.12, 667.77
300, 5638.46, -0.07, 5624.39, -398.12
420, 2380.29, -2.69, -2136.98, -1048.39
3456

60, 15818.05, -1.75, -2835.01, -15561.92
180, 5445.60, 3.05, -5424.57, 478.09
300, 5623.23, -0.01, 5622.63, -81.64
420, 2355.06, -2.65, -2071.77, -1119.84
3456

60, 15818.57, -1.75, -2809.99, -15566.99
180, 5351.10, 3.04, -5322.16, 555.74
300, 5578.37, -0.06, 5568.50, -331.65
420, 2280.82, -2.66, -2025.01, -1049.50
3456

60, 15900.95, -1.76, -3034.95, -15608.62
180, 5327.95, 3.01, -5282.63, 693.42
300, 5640.34, -0.13, 5596.04, -705.50
420, 2373.32, -2.71, -2160.34, -982.64
3456

60, 15750.70, -1.74, -2721.78, -15513.75
180, 5399.97, 3.04, -5373.25, 536.60
300, 5542.17, -0.03, 5540.33, -142.93
420, 2360.52, -2.68, -2109.57, -1059.12
3456

60, 15654.44, -1.77, -3165.58, -15331.03
180, 5458.75, 2.99, -5399.14, 804.47
300, 5603.03, -0.12, 5563.83, -661.64
420, 2310.77, -2.76, -2144.55, -860.56
3456

60, 15988.03, -1.75, -2904.66, -15721.96
180, 5367.92, 3.03, -5331.91, 620.68
300, 5571.13, -0.07, 5557.96, -382.84
420, 2343.02, -2.71, -2132.56, -970.53
3456

60, 15920.23, -1.76, -2995.72, -15635.84
180, 5301.88, 2.97, -5225.76, 895.21
300, 5546.87, -0.13, 5497.78, -736.32
420, 2316.59, -2.78, -2166.66, -819.88
3456

60, 15716.58, -1.77, -3110.73, -15405.66
180, 5281.45, 2.97, -5202.02, 912.51
300, 5556.83, -0.14, 5498.89, -800.38
420, 2368.12, -2.83, -2254.84, -723.68
3456

60, 16001.07, -1.72, -2392.39, -15821.21
180, 5293.63, 3.11, -5290.95, 168.45
300, 5604.24, 0.07, 5591.30, 380.60
420, 2313.79, -2.49, -1834.68, -1409.81
3457

60, 15865.74, -1.71, -2273.20, -15702.04
180, 5265.01, 3.13, -5264.67, 59.87
300, 5721.77, 0.13, 5672.23, 751.32
420, 2450.49, -2.38, -1766.03, -1698.83
3457

60, 15828.42, -1.73, -2438.77, -15639.42
180, 5380.51, 3.11, -5377.90, 167.51
300, 5581.63, 0.08, 5563.39, 450.86
420, 2348.95, -2.51, -1896.50, -1385.95
3457

60, 15809.22, -1.73, -2577.73, -15597.65
180, 5395.61, 3.10, -5390.12, 243.41
300, 5602.66, 0.05, 5595.16, 289.82
420, 2337.00, -2.52, -1893.53, -1369.70
3457

60, 15764.85, -1.75, -2753.57, -15522.51
180, 5439.93, 3.07, -5424.34, 411.52
300, 5571.69, 0.02, 5571.00, 87.82
420, 2426.57, -2.62, -2099.11, -1217.36
3457

60, 15749.64, -1.72, -2390.97, -15567.09
180, 5324.77, 3.11, -5321.54, 185.24
300, 5667.34, 0.09, 5642.92, 525.56
420, 2307.96, -2.44, -1759.71, -1493.34
3457

60, 15805.31, -1.72, -2333.15, -15632.16
180, 5421.81, 3.14, -5421.78, 19.25
300, 5546.92, 0.13, 5499.92, 720.51
420, 2342.97, -2.46, -1815.03, -1481.61
3457

60, 15882.63, -1.72, -2397.89, -15700.58
180, 5356.75, 3.12, -5355.15, 131.00
300, 5601.10, 0.10, 5573.36, 556.79
420, 2303.66, -2.48, -1816.48, -1416.77
3457

60, 15873.11, -1.76, -3060.32, -15575.30
180, 5272.39, 2.98, -5207.76, 823.02
300, 5597.10, -0.15, 5535.10, -830.83
420, 2316.82, -2.80, -2182.90, -776.29
3456

60, 15750.54, -1.72, -2314.39, -15579.58
180, 5371.24, 3.13, -5371.03, 47.40
300, 5615.35, 0.10, 5584.70, 585.94
420, 2379.18, -2.46, -1846.69, -1500.07
3457

60, 15820.52, -1.76, -2938.94, -15545.15
180, 5307.31, 3.02, -5268.91, 637.28
300, 5596.43, -0.08, 5579.41, -436.09
420, 2334.42, -2.71, -2124.10, -968.35
3456

60, 15887.87, -1.75, -2823.31, -15635.01
180, 5349.47, 3.03, -5315.62, 600.78
300, 5541.81, -0.07, 5529.04, -376.09
420, 2324.56, -2.70, -2101.69, -993.20
3456

60, 15644.16, -1.76, -2973.33, -15359.00
180, 5429.52, 3.03, -5398.44, 580.08
300, 5653.18, -0.08, 5635.63, -445.10
420, 2414.94, -2.72, -2199.32, -997.46
3456

60, 15826.30, -1.78, -3302.60, -15477.87
180, 5474.62, 2.96, -5380.83, 1009.02
300, 5522.74, -0.15, 5462.08, -816.30
420, 2338.10, -2.87, -2250.38, -634.43
3456

60, 15775.00, -1.76, -2917.22, -15502.92
180, 5259.76, 3.02, -5219.56, 649.04
300, 5688.27, -0.06, 5677.56, -348.79
420, 2328.00, -2.65, -2053.31, -1097.04
3456

60, 15824.28, -1.73, -2571.91, -15613.88
180, 5260.77, 3.07, -5248.99, 351.87
300, 5671.80, 0.01, 5671.72, 29.73
420, 2439.02, -2.57, -2047.86, -1324.80
3456

60, 15794.52, -1.76, -2960.37, -15514.61
180, 5318.50, 3.01, -5269.48, 720.47
300, 5602.69, -0.10, 5572.27, -583.08
420, 2345.85, -2.75, -2164.27, -904.96
3456

60, 15759.98, -1.76, -3020.44, -15467.83
180, 5369.41, 3.00, -5312.44, 780.06
300, 5724.94, -0.13, 5673.54, -765.46
420, 2480.14, -2.77, -2312.45, -896.47
3456

60, 16029.98, -1.76, -2972.11, -15752.04
180, 5469.26, 3.04, -5439.63, 568.52
300, 5506.54, -0.05, 5499.19, -284.30
420, 2427.56, -2.69, -2181.82, -1064.27
3456

60, 15974.57, -1.76, -2930.74, -15703.43
180, 5357.16, 3.03, -5321.47, 617.35
300, 5619.93, -0.07, 5607.30, -376.50
420, 2298.89, -2.68, -2053.39, -1033.66
3456

60, 15864.91, -1.76, -2956.37, -15587.02
180, 5435.30, 3.02, -5395.11, 659.76
300, 5504.56, -0.10, 5478.67, -533.21
420, 2445.04, -2.72, -2227.14, -1009.01
3456

60, 15772.55, -1.78, -3293.70, -15424.81
180, 5483.50, 2.96, -5397.74, 966.02
300, 5561.59, -0.12, 5521.20, -669.05
420, 2325.65, -2.82, -2207.61, -731.52
3456

60, 15831.34, -1.76, -3028.34, -15539.00
180, 5405.73, 3.00, -5354.33, 743.67
300, 5539.60, -0.08, 5520.69, -457.33
420, 2318.30, -2.76, -2154.19, -856.74
3456

60, 15739.86, -1.76, -3032.57, -15444.96
180, 5273.60, 3.01, -5226.12, 706.06
300, 5547.67, -0.11, 5513.85, -611.59
420, 2390.25, -2.74, -2204.08, -924.83
3456

60, 15866.04, -1.77, -3128.17, -15554.60
180, 5414.47, 2.97, -5339.05, 900.58
300, 5499.94, -0.12, 5459.99, -661.66
420, 2281.72, -2.84, -2177.56, -681.55
3456

60, 15826.88, -1.72, -2301.26, -15658.69
180, 5367.00, 3.14, -5366.99, 5.63
300, 5602.54, 0.13, 5555.71, 722.84
420, 2378.23, -2.44, -1809.96, -1542.73
3457

60, 15955.66, -1.73, -2571.74, -15747.04
180, 5441.02, 3.10, -5435.64, 241.89
300, 5616.17, 0.06, 5604.71, 358.60
420, 2324.70, -2.56, -1948.74, -1267.53
3457

60, 15766.31, -1.74, -2633.54, -15544.81
180, 5349.50, 3.07, -5336.39, 374.33
300, 5696.48, 0.01, 5695.90, 80.95
420, 2414.66, -2.56, -2024.18, -1316.54
3457

60, 15859.45, -1.75, -2870.79, -15597.46
180, 5359.21, 3.04, -5331.05, 548.69
300, 5649.39, -0.05, 5643.58, -256.17
420, 2426.98, -2.63, -2110.39, -1198.52
3457

60, 15868.93, -1.74, -2749.55, -15628.91
180, 5370.55, 3.06, -5351.66, 450.08
300, 5613.15, -0.02, 5611.40, -140.11
420, 2379.19, -2.61, -2045.80, -1214.60
3457

60, 15935.68, -1.74, -2748.26, -15696.91
180, 5358.14, 3.05, -5335.56, 491.42
300, 5638.35, -0.02, 5636.78, -133.01
420, 2401.70, -2.61, -2073.05, -1212.70
3457

60, 15843.39, -1.74, -2711.43, -15609.65
180, 5359.46, 3.05, -5338.10, 477.99
300, 5700.63, -0.01, 5700.41, -50.25
420, 2431.54, -2.59, -2064.80, -1284.12
3457

60, 15962.01, -1.75, -2877.54, -15700.49
180, 5327.06, 3.02, -5289.83, 628.65
300, 5613.23, -0.09, 5589.44, -516.21
420, 2349.60, -2.72, -2139.09, -972.05
3457

60, 15767.68, -1.75, -2796.24, -15517.76
180, 5324.18, 3.03, -5293.71, 568.78
300, 5561.84, -0.03, 5559.85, -148.67
420, 2329.68, -2.63, -2036.94, -1130.61
3457

60, 15745.94, -1.74, -2675.98, -15516.89
180, 5276.38, 3.05, -5254.05, 484.94
300, 5615.43, -0.02, 5613.84, -133.58
420, 2338.70, -2.58, -1981.92, -1241.58
3457

60, 15900.53, -1.73, -2585.60, -15688.89
180, 5353.11, 3.08, -5344.34, 306.31
300, 5535.76, 0.02, 5535.07, 87.08
420, 2317.43, -2.58, -1956.96, -1241.28
3457

60, 15789.06, -1.75, -2871.94, -15525.67
180, 5356.73, 3.02, -5314.38, 672.28
300, 5596.56, -0.08, 5578.83, -445.08
420, 2356.59, -2.69, -2116.07, -1037.18
3457

60, 15730.08, -1.78, -3290.31, -15382.11
180, 5398.93, 2.97, -5315.36, 946.23
300, 5656.89, -0.16, 5586.34, -890.66
420, 2365.98, -2.80, -2232.30, -784.02
3457

60, 15856.07, -1.77, -3094.58, -15551.16
180, 5308.36, 2.98, -5240.23, 847.76
300, 5569.79, -0.15, 5505.55, -843.49
420, 2290.67, -2.80, -2156.41, -772.71
3457

60, 15856.79, -1.75, -2853.47, -15597.93
180, 5317.26, 3.03, -5283.27, 600.22
300, 5559.07, -0.05, 5552.28, -274.68
420, 2269.97, -2.69, -2041.48, -992.55
3457

60, 15892.81, -1.75, -2875.78, -15630.46
180, 5359.45, 3.02, -5317.34, 670.55
300, 5586.60, -0.10, 5557.58, -568.68
420, 2391.41, -2.73, -2193.94, -951.58
3457

60, 15820.48, -1.75, -2823.45, -15566.49
180, 5420.30, 3.02, -5382.43, 639.60
300, 5599.19, -0.07, 5586.85, -371.53
420, 2332.07, -2.70, -2107.63, -998.23
3457

60, 15786.55, -1.74, -2665.57, -15559.88
180, 5321.07, 3.03, -5290.73, 567.40
300, 5655.31, -0.04, 5650.51, -233.00
420, 2338.63, -2.65, -2064.76, -1098.15
3457

60, 15745.49, -1.75, -2850.64, -15485.29
180, 5373.55, 3.01, -5329.39, 687.48
300, 5692.66, -0.03, 5690.26, -165.18
420, 2347.07, -2.66, -2079.43, -1088.44
3457

60, 15773.55, -1.75, -2872.20, -15509.85
180, 5340.95, 3.02, -5302.50, 639.77
300, 5529.67, -0.07, 5515.53, -395.19
420, 2408.80, -2.70, -2176.39, -1032.30
3457

60, 15945.09, -1.76, -2996.14, -15661.06
180, 5387.78, 3.03, -5352.47, 615.84
300, 5569.90, -0.10, 5541.92, -557.53
420, 2403.07, -2.69, -2159.26, -1054.67
3457

60, 15683.61, -1.75, -2843.42, -15423.70
180, 5380.00, 3.05, -5357.46, 491.97
300, 5682.93, -0.02, 5681.97, -104.94
420, 2402.18, -2.64, -2106.06, -1155.42
3457

60, 15818.75, -1.74, -2736.67, -15580.22
180, 5323.42, 3.04, -5295.99, 539.70
300, 5620.06, -0.05, 5613.08, -280.07
420, 2309.79, -2.68, -2063.61, -1037.61
3457

60, 15977.01, -1.76, -2966.98, -15699.11
180, 5374.16, 3.01, -5327.59, 705.91
300, 5581.89, -0.09, 5558.41, -511.40
420, 2387.50, -2.73, -2185.79, -960.45
3457

60, 15786.94, -1.76, -2962.14, -15506.56
180, 5312.69, 3.01, -5265.68, 705.18
300, 5662.88, -0.08, 5642.55, -479.42
420, 2368.76, -2.70, -2146.19, -1002.43
3457

60, 15947.26, -1.75, -2835.98, -15693.07
180, 5233.86, 3.01, -5190.70, 670.79
300, 5687.98, -0.08, 5669.23, -461.40
420, 2394.73, -2.66, -2123.82, -1106.39
3457

60, 15674.51, -1.75, -2789.29, -15424.34
180, 5440.47, 3.04, -5412.56, 550.39
300, 5616.89, -0.05, 5608.45, -307.79
420, 2291.11, -2.68, -2052.60, -1017.83
3457

60, 15908.73, -1.76, -3025.31, -15618.43
180, 5332.47, 2.99, -5271.48, 804.25
300, 5565.50, -0.12, 5525.14, -669.01
420, 2383.80, -2.78, -2230.89, -840.03
3457

60, 15693.28, -1.75, -2728.58, -15454.25
180, 5365.85, 3.04, -5340.08, 525.25
300, 5644.44, -0.00, 5644.42, -15.26
420, 2351.96, -2.62, -2040.61, -1169.45
3457

60, 15796.26, -1.76, -2899.67, -15527.84
180, 5377.21, 3.01, -5333.82, 681.72
300, 5601.92, -0.05, 5594.87, -281.07
420, 2436.98, -2.70, -2201.15, -1045.85
3457

60, 15826.38, -1.73, -2484.98, -15630.07
180, 5393.65, 3.10, -5389.50, 211.48
300, 5728.51, 0.06, 5719.51, 320.96
420, 2388.06, -2.54, -1962.52, -1360.65
3457

60, 15953.47, -1.75, -2821.99, -15701.90
180, 5456.41, 3.04, -5430.40, 532.08
300, 5495.30, -0.04, 5489.74, -247.19
420, 2442.54, -2.69, -2197.96, -1065.34
3457

60, 15742.48, -1.74, -2603.85, -15525.65
180, 5320.02, 3.09, -5312.78, 277.41
300, 5688.99, 0.05, 5682.39, 273.79
420, 2364.55, -2.48, -1868.85, -1448.63
3457

60, 15760.46, -1.74, -2704.84, -15526.62
180, 5207.15, 3.05, -5183.85, 491.96
300, 5643.92, -0.04, 5639.73, -217.24
420, 2463.01, -2.65, -2168.80, -1167.37
3457

60, 15840.24, -1.75, -2861.85, -15579.57
180, 5367.69, 3.02, -5326.99, 659.71
300, 5652.83, -0.06, 5642.67, -338.75
420, 2339.69, -2.69, -2100.23, -1031.10
3457

60, 15892.99, -1.74, -2614.53, -15676.46
180, 5301.78, 3.05, -5279.55, 484.91
300, 5592.33, -0.03, 5589.85, -166.37
420, 2328.61, -2.63, -2035.04, -1131.85
3457

60, 15829.18, -1.73, -2522.60, -15626.88
180, 5223.93, 3.07, -5209.79, 384.12
300, 5685.88, 0.01, 5685.51, 64.88
420, 2429.79, -2.54, -1999.44, -1380.63
3457

60, 15837.99, -1.76, -2945.00, -15561.77
180, 5424.81, 3.01, -5378.82, 704.87
300, 5530.36, -0.07, 5517.02, -383.86
420, 2396.53, -2.74, -2202.34, -945.00
3457

60, 15711.21, -1.74, -2600.78, -15494.45
180, 5332.59, 3.06, -5316.01, 420.20
300, 5587.34, -0.01, 5587.14, -46.64
420, 2429.02, -2.62, -2106.39, -1209.65
3457

60, 15682.25, -1.76, -2956.40, -15401.06
180, 5294.48, 3.01, -5247.44, 704.18
300, 5588.49, -0.08, 5569.04, -465.85
420, 2451.10, -2.70, -2213.03, -1053.77
3457

60, 15961.65, -1.71, -2273.79, -15798.87
180, 5362.35, 3.13, -5361.84, 73.49
300, 5611.26, 0.11, 5579.08, 600.08
420, 2345.54, -2.46, -1825.38, -1472.93
3458

60, 15787.39, -1.75, -2761.18, -15544.05
180, 5415.47, 3.05, -5395.01, 470.29
300, 5540.47, -0.03, 5537.42, -184.06
420, 2492.07, -2.64, -2184.40, -1199.51
3458

60, 15852.44, -1.73, -2445.39, -15662.70
180, 5315.73, 3.10, -5310.48, 236.32
300, 5625.40, 0.05, 5619.45, 258.78
420, 2401.04, -2.50, -1924.26, -1436.03
3458

60, 15693.71, -1.74, -2657.36, -15467.09
180, 5361.81, 3.06, -5345.31, 420.23
300, 5669.84, 0.01, 5669.30, 78.79
420, 2365.50, -2.60, -2024.41, -1223.66
3458

60, 15795.72, -1.77, -3138.46, -15480.79
180, 5364.74, 2.98, -5294.11, 867.65
300, 5534.99, -0.12, 5492.06, -688.03
420, 2364.51, -2.82, -2245.69, -740.14
3458

60, 15689.84, -1.74, -2639.77, -15466.18
180, 5344.89, 3.04, -5315.62, 558.65
300, 5603.93, -0.04, 5599.64, -219.29
420, 2292.71, -2.67, -2047.29, -1032.05
3458

60, 15699.76, -1.76, -3001.95, -15410.09
180, 5240.28, 2.99, -5177.33, 809.82
300, 5632.07, -0.13, 5584.48, -730.58
420, 2388.39, -2.75, -2211.43, -902.22
3458

60, 15737.62, -1.73, -2458.72, -15544.37
180, 5447.04, 3.14, -5446.97, 27.65
300, 5565.51, 0.14, 5514.36, 752.81
420, 2438.12, -2.46, -1891.55, -1538.34
3459

60, 15859.88, -1.72, -2309.07, -15690.89
180, 5340.12, 3.13, -5339.86, 52.79
300, 5628.00, 0.10, 5597.16, 588.37
420, 2426.37, -2.44, -1852.90, -1566.54
3459

60, 15790.10, -1.77, -3137.50, -15475.25
180, 5290.07, 2.96, -5206.54, 936.36
300, 5595.89, -0.14, 5537.77, -804.37
420, 2289.34, -2.80, -2156.68, -768.01
3458

60, 15714.53, -1.75, -2783.90, -15465.97
180, 5342.05, 3.04, -5312.95, 556.83
300, 5544.93, -0.07, 5532.70, -368.04
420, 2389.99, -2.71, -2170.13, -1001.28
3458

60, 15790.01, -1.76, -2996.25, -15503.13
180, 5339.11, 3.00, -5287.53, 740.37
300, 5592.48, -0.09, 5568.37, -518.76
420, 2327.94, -2.74, -2145.82, -902.63
3458

60, 15903.33, -1.74, -2697.74, -15672.85
180, 5303.15, 3.04, -5277.58, 520.21
300, 5621.92, -0.04, 5616.63, -244.00
420, 2368.86, -2.65, -2085.90, -1122.73
3458

60, 15911.81, -1.73, -2449.59, -15722.12
180, 5325.85, 3.10, -5320.16, 246.08
300, 5650.00, 0.03, 5646.70, 193.26
420, 2317.10, -2.56, -1933.67, -1276.67
3458

60, 15818.67, -1.74, -2623.08, -15599.68
180, 5368.20, 3.09, -5360.75, 282.66
300, 5567.76, 0.02, 5566.26, 128.95
420, 2380.89, -2.56, -1987.89, -1310.31
3458

60, 15841.79, -1.74, -2637.50, -15620.68
180, 5315.30, 3.08, -5304.99, 330.98
300, 5621.87, 0.01, 5621.50, 64.71
420, 2454.33, -2.57, -2069.83, -1318.90
3458

60, 15804.19, -1.73, -2565.17, -15594.62
180, 5358.63, 3.08, -5350.04, 303.28
300, 5683.28, 0.03, 5681.25, 151.88
420, 2420.92, -2.59, -2065.61, -1262.58
3458

60, 15788.93, -1.73, -2564.87, -15579.21
180, 5349.85, 3.07, -5334.29, 407.69
300, 5582.69, 0.03, 5580.63, 151.67
420, 2326.29, -2.60, -1998.77, -1190.18
3458

60, 15888.51, -1.71, -2221.18, -15732.49
180, 5372.63, -3.14, -5372.57, -24.73
300, 5605.54, 0.12, 5565.47, 669.02
420, 2333.12, -2.45, -1802.37, -1481.53
3458

60, 15807.90, -1.77, -3053.03, -15510.28
180, 5327.24, 2.99, -5268.47, 789.11
300, 5567.27, -0.14, 5516.21, -752.26
420, 2283.70, -2.80, -2150.01, -769.89
3457

60, 15810.59, -1.76, -2937.03, -15535.40
180, 5414.82, 3.03, -5378.83, 623.28
300, 5561.86, -0.03, 5559.67, -156.37
420, 2305.45, -2.70, -2081.55, -991.08
3457

60, 15846.75, -1.77, -3198.26, -15520.65
180, 5347.54, 2.96, -5261.75, 954.00
300, 5570.20, -0.18, 5477.30, -1013.08
420, 2292.97, -2.82, -2173.75, -729.73
3457

60, 15860.70, -1.75, -2784.65, -15614.34
180, 5301.36, 3.04, -5272.38, 553.63
300, 5531.20, -0.04, 5526.46, -228.99
420, 2240.38, -2.64, -1967.07, -1072.35
3457

60, 15701.63, -1.76, -3021.76, -15408.12
180, 5402.55, 2.99, -5344.60, 789.20
300, 5605.52, -0.13, 5555.44, -747.63
420, 2300.92, -2.79, -2159.99, -792.90
3457

60, 15826.85, -1.75, -2828.22, -15572.10
180, 5378.37, 3.05, -5354.56, 505.47
300, 5587.45, 0.02, 5586.57, 98.85
420, 2269.27, -2.59, -1935.75, -1184.27
3457

60, 15952.31, -1.76, -3025.98, -15662.68
180, 5368.05, 3.00, -5314.42, 756.89
300, 5511.88, -0.10, 5482.42, -569.07
420, 2285.19, -2.76, -2120.93, -850.75
3457

60, 15701.11, -1.76, -2937.41, -15423.89
180, 5420.86, 3.04, -5394.92, 529.71
300, 5574.11, -0.05, 5566.23, -296.25
420, 2496.04, -2.73, -2290.55, -991.76
3457

60, 15899.72, -1.78, -3251.62, -15563.68
180, 5326.41, 2.95, -5225.25, 1033.15
300, 5579.70, -0.17, 5501.19, -932.67
420, 2277.35, -2.86, -2186.05, -638.36
3457

60, 15755.68, -1.76, -2966.10, -15473.97
180, 5304.10, 3.00, -5253.93, 727.81
300, 5615.49, -0.07, 5602.75, -377.99
420, 2418.24, -2.71, -2196.94, -1010.61
3457

60, 15897.23, -1.73, -2470.79, -15704.05
180, 5369.99, 3.11, -5367.82, 152.57
300, 5548.95, 0.06, 5538.65, 337.87
420, 2340.60, -2.50, -1879.90, -1394.40
3457

60, 15733.16, -1.73, -2502.09, -15532.93
180, 5293.97, 3.07, -5280.93, 371.42
300, 5655.01, 0.04, 5650.82, 217.81
420, 2318.33, -2.52, -1882.89, -1352.55
3457

60, 15871.09, -1.77, -3087.92, -15567.79
180, 5244.29, 2.99, -5187.32, 770.91
300, 5613.20, -0.12, 5570.56, -690.53
420, 2379.36, -2.76, -2212.09, -876.36
3457

60, 15803.65, -1.74, -2702.11, -15570.93
180, 5288.81, 3.03, -5258.13, 568.90
300, 5689.18, -0.04, 5685.00, -218.19
420, 2349.56, -2.61, -2029.57, -1183.75
3457

60, 15820.83, -1.74, -2688.52, -15590.72
180, 5351.77, 3.06, -5334.69, 427.27
300, 5586.31, -0.02, 5585.66, -85.26
420, 2395.09, -2.63, -2093.82, -1162.92
3457

60, 15858.21, -1.75, -2765.14, -15615.28
180, 5305.14, 3.03, -5274.63, 568.22
300, 5630.41, -0.06, 5621.23, -321.42
420, 2421.71, -2.64, -2121.27, -1168.28
3457

60, 15738.65, -1.73, -2560.36, -15528.99
180, 5313.63, 3.08, -5304.52, 311.09
300, 5584.21, 0.04, 5579.68, 224.83
420, 2366.52, -2.58, -2003.45, -1259.62
3457

60, 15865.51, -1.76, -3060.65, -15567.50
180, 5471.23, 3.00, -5417.18, 767.12
300, 5494.64, -0.08, 5476.12, -450.80
420, 2393.25, -2.77, -2226.86, -876.77
3457

60, 15853.68, -1.71, -2175.20, -15703.74
180, 5324.42, 3.14, -5324.41, 9.14
300, 5643.92, 0.12, 5604.85, 662.96
420, 2409.89, -2.40, -1776.43, -1628.45
3458

60, 15812.89, -1.74, -2591.25, -15599.14
180, 5440.32, 3.09, -5433.25, 277.28
300, 5546.37, 0.07, 5532.18, 396.49
420, 2399.84, -2.55, -1993.55, -1336.03
3458

60, 15627.72, -1.71, -2203.56, -15471.59
180, 5305.96, 3.13, -5305.84, 35.41
300, 5698.70, 0.13, 5653.04, 719.92
420, 2371.13, -2.42, -1773.37, -1573.99
3458

60, 15809.60, -1.75, -2751.58, -15568.31
180, 5318.87, 3.04, -5290.11, 552.40
300, 5534.04, -0.03, 5530.65, -193.57
420, 2313.54, -2.68, -2067.52, -1038.18
3458

60, 15974.85, -1.78, -3251.37, -15640.47
180, 5394.67, 2.99, -5330.17, 831.74
300, 5483.06, -0.16, 5410.56, -888.69
420, 2446.19, -2.80, -2306.42, -815.03
3458

60, 15815.79, -1.73, -2498.39, -15617.21
180, 5324.60, 3.09, -5316.43, 294.91
300, 5615.44, 0.06, 5606.70, 313.25
420, 2354.99, -2.53, -1930.17, -1349.23
3459

60, 15779.65, -1.74, -2602.19, -15563.61
180, 5347.88, 3.07, -5332.45, 405.97
300, 5629.81, 0.01, 5629.50, 59.25
420, 2364.37, -2.55, -1958.56, -1324.50
3459

60, 15844.94, -1.73, -2460.35, -15652.75
180, 5266.63, 3.09, -5259.09, 281.71
300, 5659.76, 0.05, 5653.76, 260.71
420, 2385.07, -2.50, -1917.31, -1418.62
3459

60, 15744.17, -1.76, -2933.49, -15468.47
180, 5291.42, 3.01, -5246.68, 686.61
300, 5661.73, -0.08, 5643.05, -459.53
420, 2393.42, -2.70, -2158.81, -1033.45
3459

60, 15771.96, -1.74, -2664.90, -15545.19
180, 5313.70, 3.03, -5278.31, 612.29
300, 5505.55, -0.07, 5491.92, -387.28
420, 2232.88, -2.67, -1985.96, -1020.65
3459

60, 15911.26, -1.76, -2986.10, -15628.55
180, 5339.19, 3.00, -5285.78, 753.27
300, 5538.47, -0.12, 5495.73, -686.79
420, 2366.58, -2.77, -2207.73, -852.44
3459

60, 15722.55, -1.77, -3170.94, -15399.47
180, 5378.47, 2.95, -5281.32, 1017.65
300, 5489.95, -0.16, 5420.13, -872.78
420, 2300.34, -2.86, -2211.64, -632.60
3459

60, 15926.71, -1.73, -2585.66, -15715.42
180, 5370.96, 3.08, -5360.40, 336.67
300, 5632.59, 0.06, 5623.32, 323.02
420, 2315.67, -2.52, -1884.17, -1346.19
3460

60, 15736.09, -1.75, -2878.04, -15470.66
180, 5409.09, 3.01, -5361.91, 712.86
300, 5579.38, -0.11, 5544.96, -618.82
420, 2300.50, -2.80, -2169.96, -763.93
3459

60, 15785.21, -1.73, -2544.70, -15578.75
180, 5400.29, 3.09, -5393.46, 271.43
300, 5625.71, 0.04, 5620.80, 235.06
420, 2384.43, -2.58, -2015.89, -1273.47
3460

60, 15699.83, -1.71, -2169.50, -15549.21
180, 5378.46, -3.12, -5377.48, -102.28
300, 5630.40, 0.15, 5567.27, 840.80
420, 2409.11, -2.43, -1827.60, -1569.62
3460

60, 15781.39, -1.72, -2323.08, -15609.47
180, 5378.15, 3.11, -5375.54, 167.54
300, 5624.66, 0.08, 5606.48, 451.86
420, 2320.30, -2.52, -1890.71, -1345.00
3460

60, 15794.93, -1.77, -3127.17, -15482.27
180, 5315.85, 2.98, -5249.59, 836.67
300, 5578.81, -0.14, 5522.18, -792.94
420, 2382.37, -2.78, -2224.71, -852.24
3459

60, 15744.97, -1.75, -2847.43, -15485.36
180, 5400.55, 3.01, -5352.79, 716.64
300, 5559.78, -0.10, 5533.09, -544.18
420, 2342.05, -2.74, -2152.55, -922.88
3459

60, 15761.03, -1.75, -2881.77, -15495.34
180, 5377.10, 3.02, -5339.94, 631.12
300, 5538.59, -0.05, 5530.76, -294.39
420, 2279.84, -2.72, -2078.84, -936.00
3459

60, 15813.58, -1.75, -2879.20, -15549.26
180, 5341.30, 3.02, -5300.04, 662.60
300, 5713.44, -0.09, 5690.20, -514.83
420, 2330.40, -2.65, -2054.50, -1099.90
3459

60, 15721.74, -1.74, -2618.51, -15502.14
180, 5442.57, 3.07, -5427.96, 398.55
300, 5587.03, -0.02, 5586.26, -92.71
420, 2317.47, -2.59, -1968.13, -1223.56
3459

60, 15770.03, -1.74, -2593.34, -15555.34
180, 5283.06, 3.09, -5274.75, 296.15
300, 5638.65, 0.01, 5638.23, 68.72
420, 2390.73, -2.53, -1958.78, -1370.68
3459

60, 15820.73, -1.74, -2676.69, -15592.65
180, 5270.26, 3.03, -5238.13, 581.08
300, 5530.32, -0.04, 5526.50, -205.62
420, 2236.65, -2.64, -1964.13, -1069.95
3459

60, 15793.52, -1.74, -2590.54, -15579.62
180, 5422.84, 3.07, -5410.32, 368.32
300, 5518.88, 0.04, 5515.44, 194.96
420, 2369.57, -2.60, -2030.38, -1221.63
3459

60, 15803.45, -1.73, -2441.70, -15613.68
180, 5335.43, 3.09, -5329.23, 257.23
300, 5645.65, 0.06, 5636.75, 316.90
420, 2390.84, -2.52, -1945.64, -1389.46
3459

60, 15877.81, -1.77, -3163.35, -15559.50
180, 5347.21, 2.98, -5277.23, 862.31
300, 5548.14, -0.15, 5481.86, -854.99
420, 2272.63, -2.78, -2124.18, -807.91
3458

60, 15790.89, -1.72, -2306.47, -15621.54
180, 5382.33, 3.13, -5382.18, 40.98
300, 5586.18, 0.09, 5564.39, 492.98
420, 2409.05, -2.52, -1954.44, -1408.45
3459

60, 15811.29, -1.76, -3014.36, -15521.30
180, 5349.91, 2.99, -5290.53, 794.90
300, 5479.83, -0.13, 5436.30, -689.40
420, 2325.70, -2.79, -2182.07, -804.63
3458

60, 15822.28, -1.77, -3138.39, -15507.90
180, 5358.25, 2.99, -5293.07, 833.23
300, 5528.04, -0.16, 5460.44, -861.85
420, 2366.76, -2.77, -2208.46, -851.04
3458

60, 15626.19, -1.76, -2957.17, -15343.82
180, 5301.62, 2.99, -5240.73, 801.15
300, 5672.06, -0.13, 5625.88, -722.31
420, 2337.82, -2.76, -2169.49, -871.03
3458

60, 15537.71, -1.73, -2433.99, -15345.88
180, 5399.43, 3.10, -5395.44, 207.58
300, 5644.55, 0.07, 5629.47, 412.36
420, 2426.72, -2.47, -1903.57, -1505.13
3459

60, 15718.19, -1.76, -2906.58, -15447.11
180, 5333.27, 3.01, -5288.99, 685.84
300, 5504.07, -0.09, 5481.04, -502.97
420, 2338.44, -2.74, -2155.46, -906.81
3458

60, 15639.10, -1.76, -2954.05, -15357.58
180, 5331.69, 3.00, -5279.16, 746.59
300, 5582.61, -0.13, 5533.60, -738.12
420, 2399.27, -2.77, -2237.14, -867.02
3458

60, 15726.71, -1.72, -2353.56, -15549.60
180, 5280.11, 3.11, -5276.75, 188.56
300, 5617.79, 0.07, 5604.94, 379.78
420, 2443.77, -2.48, -1923.32, -1507.60
3459

60, 15783.06, -1.72, -2326.92, -15610.59
180, 5347.40, 3.13, -5346.79, 80.29
300, 5623.73, 0.12, 5581.73, 685.98
420, 2298.23, -2.43, -1733.92, -1508.43
3459

60, 15748.57, -1.72, -2290.45, -15581.12
180, 5416.84, 3.14, -5416.75, 31.47
300, 5524.76, 0.13, 5480.12, 700.93
420, 2334.34, -2.46, -1812.33, -1471.26
3459

60, 15707.63, -1.72, -2379.63, -15526.33
180, 5393.90, 3.11, -5391.75, 152.14
300, 5593.21, 0.11, 5560.99, 599.45
420, 2291.86, -2.51, -1855.62, -1345.11
3459

60, 15771.32, -1.75, -2873.06, -15507.42
180, 5348.18, 3.00, -5295.81, 746.62
300, 5548.11, -0.10, 5520.62, -551.67
420, 2326.73, -2.75, -2149.27, -891.23
3458

60, 15714.71, -1.78, -3199.03, -15385.66
180, 5379.53, 2.96, -5290.88, 972.62
300, 5558.85, -0.17, 5481.04, -926.84
420, 2318.31, -2.88, -2242.16, -589.31
3458

60, 15666.99, -1.76, -2975.36, -15381.87
180, 5472.95, 3.01, -5421.99, 745.10
300, 5516.79, -0.11, 5482.46, -614.53
420, 2401.40, -2.81, -2269.13, -785.98
3458

60, 15725.56, -1.74, -2673.72, -15496.60
180, 5339.91, 3.04, -5313.78, 527.57
300, 5539.26, -0.03, 5536.49, -175.11
420, 2328.34, -2.67, -2069.38, -1067.15
3458

60, 15703.79, -1.76, -3017.62, -15411.13
180, 5373.69, 2.99, -5315.67, 787.56
300, 5527.67, -0.11, 5495.99, -590.96
420, 2342.60, -2.76, -2175.39, -869.17
3458

60, 15698.52, -1.76, -2911.98, -15426.08
180, 5373.73, 2.98, -5299.65, 889.20
300, 5599.76, -0.13, 5553.46, -718.68
420, 2243.86, -2.79, -2105.19, -776.58
3458

60, 15790.11, -1.72, -2405.54, -15605.80
180, 5310.57, 3.12, -5309.12, 124.12
300, 5708.29, 0.09, 5685.87, 505.51
420, 2341.26, -2.45, -1805.95, -1489.99
3459

60, 15736.07, -1.71, -2183.66, -15583.82
180, 5377.69, 3.13, -5377.55, 38.89
300, 5565.17, 0.16, 5496.23, 873.22
420, 2272.58, -2.43, -1714.77, -1491.36
3459

60, 15701.64, -1.72, -2293.24, -15533.27
180, 5306.89, 3.12, -5305.60, 117.03
300, 5636.28, 0.09, 5612.76, 514.42
420, 2376.87, -2.45, -1837.04, -1508.24
3459

60, 15664.99, -1.73, -2498.11, -15464.52
180, 5356.92, 3.10, -5352.75, 211.18
300, 5710.99, 0.09, 5689.19, 498.48
420, 2393.65, -2.44, -1822.85, -1551.37
3459

60, 15722.87, -1.74, -2688.07, -15491.38
180, 5282.56, 3.05, -5262.10, 464.50
300, 5584.89, -0.02, 5583.41, -128.39
420, 2330.38, -2.63, -2035.05, -1135.45
3459

60, 15752.46, -1.75, -2841.21, -15494.11
180, 5360.53, 3.04, -5330.81, 563.67
300, 5536.77, -0.03, 5534.38, -162.96
420, 2399.18, -2.66, -2121.06, -1121.23
3459

60, 15685.07, -1.75, -2795.32, -15433.98
180, 5292.96, 3.02, -5254.23, 639.10
300, 5620.91, -0.07, 5607.83, -383.17
420, 2356.61, -2.67, -2102.70, -1064.08
3459

60, 15694.15, -1.74, -2566.67, -15482.84
180, 5330.60, 3.09, -5322.37, 296.00
300, 5570.72, 0.03, 5568.76, 147.91
420, 2490.54, -2.54, -2055.11, -1406.88
3459

60, 15776.74, -1.73, -2544.98, -15570.12
180, 5338.12, 3.08, -5327.13, 342.47
300, 5576.69, 0.02, 5575.24, 126.82
420, 2325.44, -2.59, -1977.77, -1223.15
3459

60, 15923.77, -1.73, -2530.75, -15721.38
180, 5294.77, 3.09, -5287.99, 267.90
300, 5505.56, 0.04, 5500.40, 238.29
420, 2312.19, -2.53, -1888.29, -1334.39
3459

60, 15715.46, -1.72, -2357.76, -15537.59
180, 5339.61, 3.11, -5336.67, 177.19
300, 5673.11, 0.10, 5647.29, 540.64
420, 2355.70, -2.45, -1815.74, -1500.81
3459

60, 15754.17, -1.74, -2606.49, -15537.05
180, 5343.79, 3.04, -5317.47, 529.75
300, 5610.41, 0.01, 5610.32, 32.51
420, 2253.46, -2.62, -1951.49, -1126.84
3459

60, 15936.07, -1.72, -2304.42, -15768.58
180, 5409.44, -3.13, -5408.71, -88.66
300, 5618.56, 0.09, 5597.75, 483.13
420, 2356.68, -2.40, -1738.47, -1591.12
3459

60, 15701.01, -1.71, -2239.92, -15540.41
180, 5355.37, 3.11, -5352.86, 163.89
300, 5666.92, 0.07, 5654.35, 377.13
420, 2339.46, -2.50, -1874.08, -1400.32
3459

60, 15613.72, -1.74, -2627.43, -15391.07
180, 5309.01, 3.07, -5294.13, 397.16
300, 5595.97, 0.02, 5595.33, 84.56
420, 2445.11, -2.58, -2063.68, -1311.40
3459

60, 15716.85, -1.72, -2313.49, -15545.64
180, 5344.29, 3.12, -5342.47, 139.53
300, 5642.77, 0.07, 5627.27, 418.05
420, 2356.12, -2.51, -1904.17, -1387.61
3459

60, 15643.17, -1.77, -3053.13, -15342.34
180, 5299.85, 2.99, -5239.34, 798.56
300, 5578.47, -0.14, 5525.21, -769.01
420, 2403.01, -2.82, -2281.21, -755.33
3458

60, 15852.70, -1.73, -2483.30, -15656.99
180, 5388.51, 3.10, -5383.66, 228.59
300, 5550.24, 0.02, 5548.52, 138.34
420, 2437.54, -2.52, -1982.42, -1418.31
3459

60, 15780.98, -1.73, -2486.14, -15583.92
180, 5394.92, 3.10, -5389.97, 231.21
300, 5577.95, 0.06, 5567.75, 337.09
420, 2333.64, -2.54, -1924.19, -1320.37
3459

60, 15664.96, -1.73, -2437.18, -15474.21
180, 5402.06, 3.08, -5391.22, 342.10
300, 5580.96, 0.06, 5572.37, 309.66
420, 2269.15, -2.57, -1907.76, -1228.61
3459

60, 15724.88, -1.73, -2419.64, -15537.61
180, 5313.49, 3.08, -5302.75, 337.76
300, 5666.62, 0.03, 5664.74, 145.91
420, 2369.44, -2.53, -1934.98, -1367.51
3459

60, 15754.05, -1.71, -2248.91, -15592.71
180, 5316.31, 3.13, -5315.93, 63.47
300, 5577.64, 0.13, 5530.80, 721.30
420, 2350.18, -2.43, -1783.43, -1530.58
3459

60, 15736.42, -1.73, -2513.15, -15534.44
180, 5293.52, 3.08, -5282.42, 342.72
300, 5604.53, 0.05, 5598.77, 253.94
420, 2397.96, -2.55, -1993.95, -1332.07
3459

60, 15768.13, -1.73, -2491.69, -15570.02
180, 5352.66, 3.08, -5342.97, 321.87
300, 5599.35, 0.03, 5597.35, 149.91
420, 2368.66, -2.60, -2031.57, -1217.89
3459

60, 15891.84, -1.74, -2680.44, -15664.15
180, 5422.00, 3.06, -5405.12, 427.41
300, 5502.94, 0.00, 5502.92, 13.15
420, 2287.44, -2.62, -1978.57, -1147.88
3459

60, 15675.70, -1.73, -2476.28, -15478.88
180, 5352.90, 3.07, -5340.97, 357.30
300, 5567.84, 0.03, 5565.93, 145.74
420, 2324.14, -2.59, -1973.61, -1227.38
3459

60, 15706.76, -1.72, -2368.52, -15527.15
180, 5340.97, 3.09, -5334.02, 272.47
300, 5542.97, 0.05, 5535.62, 285.38
420, 2311.63, -2.55, -1916.98, -1291.83
3459

60, 15677.97, -1.73, -2417.51, -15490.46
180, 5352.96, 3.10, -5347.74, 236.32
300, 5631.37, 0.07, 5617.91, 389.20
420, 2324.64, -2.51, -1874.96, -1374.22
3459

60, 15645.68, -1.73, -2472.56, -15449.07
180, 5344.48, 3.07, -5330.85, 381.49
300, 5634.13, 0.03, 5631.16, 182.88
420, 2276.66, -2.57, -1910.66, -1237.98
3459

60, 15794.07, -1.71, -2209.55, -15638.75
180, 5337.58, -3.14, -5337.55, -17.79
300, 5542.09, 0.14, 5488.11, 771.67
420, 2404.49, -2.38, -1746.54, -1652.63
3459

60, 15926.96, -1.77, -3191.08, -15604.01
180, 5337.59, 2.98, -5265.75, 872.76
300, 5453.83, -0.15, 5389.00, -838.40
420, 2327.44, -2.82, -2205.08, -744.71
3458

60, 15739.83, -1.77, -3057.25, -15440.06
180, 5431.08, 2.99, -5364.63, 846.98
300, 5435.80, -0.12, 5393.73, -674.94
420, 2305.58, -2.80, -2175.37, -763.87
3458

60, 15768.42, -1.73, -2522.34, -15565.38
180, 5381.80, 3.10, -5377.41, 217.38
300, 5529.52, 0.04, 5523.99, 247.21
420, 2498.48, -2.51, -2017.34, -1474.02
3459

60, 15672.08, -1.74, -2596.26, -15455.53
180, 5342.55, 3.07, -5327.95, 394.62
300, 5593.78, 0.04, 5588.77, 236.61
420, 2325.00, -2.56, -1943.10, -1276.70
3459

60, 15795.17, -1.77, -3170.58, -15473.68
180, 5328.17, 2.97, -5254.28, 884.25
300, 5462.21, -0.16, 5395.86, -848.84
420, 2337.35, -2.81, -2211.61, -756.32
3458

60, 15834.16, -1.72, -2346.00, -15659.40
180, 5363.80, 3.11, -5360.33, 192.90
300, 5532.32, 0.09, 5511.45, 480.11
420, 2298.50, -2.52, -1863.36, -1345.73
3459

60, 15839.71, -1.71, -2268.13, -15676.48
180, 5290.89, 3.12, -5289.28, 130.57
300, 5566.70, 0.09, 5543.84, 503.98
420, 2305.04, -2.47, -1799.23, -1440.83
3459

60, 15765.15, -1.72, -2311.80, -15594.72
180, 5321.12, 3.11, -5318.92, 152.99
300, 5609.90, 0.09, 5586.06, 516.62
420, 2302.28, -2.48, -1817.49, -1413.23
3459

60, 15782.05, -1.72, -2350.54, -15606.02
180, 5387.58, 3.12, -5385.93, 133.32
300, 5489.03, 0.11, 5456.91, 592.90
420, 2336.70, -2.47, -1829.98, -1453.05
3459

60, 15844.20, -1.77, -3172.92, -15523.25
180, 5276.28, 2.97, -5201.53, 884.96
300, 5562.69, -0.19, 5461.62, -1055.55
420, 2337.35, -2.83, -2227.05, -709.52
3458

60, 15573.36, -1.78, -3173.16, -15246.66
180, 5366.10, 2.97, -5284.22, 933.84
300, 5583.32, -0.15, 5517.57, -854.34
420, 2390.52, -2.81, -2257.73, -785.66
3458

60, 15713.21, -1.76, -3022.94, -15419.69
180, 5391.85, 3.00, -5338.67, 755.44
300, 5564.95, -0.08, 5545.69, -462.57
420, 2318.79, -2.75, -2142.80, -886.11
3458

60, 15731.99, -1.77, -3070.51, -15429.43
180, 5416.35, 3.00, -5361.07, 771.83
300, 5523.30, -0.13, 5480.03, -690.02
420, 2214.51, -2.81, -2092.34, -725.38
3458

60, 15735.98, -1.73, -2487.01, -15538.21
180, 5375.56, 3.11, -5373.13, 161.57
300, 5554.79, 0.07, 5539.23, 415.49
420, 2473.81, -2.47, -1940.14, -1534.79
3459

60, 15609.97, -1.77, -3060.24, -15307.06
180, 5363.06, 2.98, -5291.38, 873.90
300, 5522.16, -0.14, 5466.27, -783.67
420, 2312.56, -2.82, -2190.83, -740.42
3458

60, 15798.00, -1.73, -2466.42, -15604.29
180, 5271.82, 3.10, -5268.01, 200.46
300, 5626.67, 0.08, 5609.22, 442.81
420, 2364.81, -2.48, -1863.04, -1456.51
3459

60, 15748.79, -1.75, -2811.97, -15495.71
180, 5294.03, 3.02, -5256.01, 633.32
300, 5514.20, -0.07, 5500.55, -387.77
420, 2309.36, -2.70, -2089.84, -982.72
3458

60, 15796.99, -1.72, -2386.21, -15615.72
180, 5303.86, 3.09, -5298.10, 247.17
300, 5577.05, 0.05, 5569.81, 284.23
420, 2336.85, -2.54, -1925.85, -1323.61
3459

60, 15821.06, -1.74, -2663.51, -15595.24
180, 5349.81, 3.07, -5334.57, 403.57
300, 5527.11, -0.01, 5527.00, -35.59
420, 2390.88, -2.61, -2056.75, -1219.06
3459

60, 15671.80, -1.73, -2463.69, -15476.94
180, 5359.64, 3.10, -5354.09, 243.80
300, 5547.02, 0.07, 5534.96, 365.65
420, 2322.60, -2.54, -1919.95, -1307.01
3459

60, 15804.61, -1.72, -2408.87, -15619.96
180, 5340.52, 3.11, -5338.31, 153.45
300, 5633.92, 0.04, 5628.38, 249.75
420, 2282.57, -2.46, -1770.33, -1440.85
3459

60, 15703.83, -1.73, -2469.66, -15508.42
180, 5337.57, 3.08, -5327.11, 333.97
300, 5604.65, 0.03, 5602.63, 150.39
420, 2418.53, -2.55, -2005.71, -1351.46
3459

60, 15722.31, -1.75, -2869.40, -15458.26
180, 5384.74, 3.01, -5340.89, 685.84
300, 5528.62, -0.09, 5508.54, -470.76
420, 2368.01, -2.75, -2190.36, -899.89
3458

60, 15758.29, -1.71, -2198.42, -15604.18
180, 5314.19, -3.14, -5314.15, -20.91
300, 5622.67, 0.13, 5573.15, 744.66
420, 2356.62, -2.37, -1696.36, -1635.85
3459

60, 15678.68, -1.73, -2414.44, -15491.66
180, 5374.53, 3.09, -5366.95, 285.37
300, 5611.22, 0.05, 5603.21, 299.75
420, 2300.84, -2.56, -1922.30, -1264.36
3459

60, 15682.11, -1.72, -2399.39, -15497.47
180, 5299.73, 3.09, -5293.45, 257.94
300, 5628.51, 0.07, 5614.01, 403.82
420, 2318.46, -2.50, -1857.28, -1387.72
3459

60, 15769.85, -1.77, -3075.29, -15467.08
180, 5345.19, 3.00, -5293.73, 739.97
300, 5475.72, -0.13, 5432.38, -687.59
420, 2380.56, -2.75, -2198.89, -912.10
3458

60, 15733.23, -1.73, -2506.85, -15532.23
180, 5384.24, 3.09, -5377.82, 262.94
300, 5552.46, 0.01, 5552.25, 48.39
420, 2373.22, -2.56, -1988.16, -1295.92
3459

60, 15748.77, -1.72, -2372.91, -15568.98
180, 5363.48, 3.12, -5361.65, 140.04
300, 5541.01, 0.07, 5525.64, 412.46
420, 2382.26, -2.49, -1898.74, -1438.73
3459

60, 15838.30, -1.73, -2533.68, -15634.33
180, 5385.23, 3.07, -5372.53, 369.59
300, 5555.23, 0.05, 5547.76, 287.93
420, 2239.19, -2.53, -1839.00, -1277.52
3459

60, 15727.05, -1.72, -2277.55, -15561.27
180, 5281.81, 3.11, -5278.31, 192.16
300, 5620.09, 0.08, 5603.93, 425.90
420, 2354.10, -2.49, -1878.79, -1418.43
3459

60, 15723.57, -1.73, -2469.58, -15528.42
180, 5442.46, 3.10, -5437.51, 232.03
300, 5502.39, 0.07, 5489.53, 375.91
420, 2252.33, -2.55, -1863.38, -1265.24
3459

60, 15804.91, -1.73, -2480.37, -15609.07
180, 5358.96, 3.09, -5351.64, 279.92
300, 5502.83, 0.06, 5494.44, 303.80
420, 2306.47, -2.56, -1931.42, -1260.71
3459

60, 15776.79, -1.74, -2633.88, -15555.38
180, 5329.58, 3.05, -5308.53, 473.30
300, 5555.85, -0.03, 5553.80, -150.76
420, 2312.67, -2.66, -2049.20, -1072.02
3459

60, 15787.23, -1.75, -2877.07, -15522.86
180, 5356.92, 3.00, -5306.49, 733.38
300, 5526.56, -0.08, 5510.90, -415.77
420, 2290.79, -2.70, -2071.81, -977.40
3459

60, 15853.35, -1.74, -2642.28, -15631.61
180, 5312.07, 3.05, -5291.75, 464.11
300, 5593.15, -0.00, 5593.11, -21.29
420, 2293.49, -2.62, -1987.35, -1144.78
3459

60, 15647.31, -1.74, -2591.63, -15431.20
180, 5388.96, 3.09, -5380.47, 302.40
300, 5582.10, 0.03, 5579.97, 154.09
420, 2413.02, -2.55, -2008.75, -1337.00
3459

60, 15764.67, -1.74, -2632.09, -15543.38
180, 5335.75, 3.07, -5321.45, 390.36
300, 5603.33, -0.00, 5603.32, -11.81
420, 2348.09, -2.58, -1990.81, -1245.07
3459

60, 15734.09, -1.75, -2823.38, -15478.69
180, 5293.17, 3.03, -5257.49, 613.55
300, 5612.93, -0.05, 5604.91, -300.02
420, 2403.16, -2.68, -2146.35, -1080.90
3459

60, 15642.25, -1.73, -2427.57, -15452.73
180, 5299.35, 3.09, -5293.52, 248.38
300, 5616.74, 0.04, 5611.94, 232.17
420, 2315.35, -2.51, -1871.37, -1363.39
3459

60, 15736.42, -1.75, -2756.58, -15493.10
180, 5382.67, 3.05, -5357.72, 517.68
300, 5590.58, -0.04, 5586.95, -201.57
420, 2402.14, -2.66, -2132.68, -1105.41
3459

60, 15780.05, -1.74, -2599.26, -15564.51
180, 5313.15, 3.09, -5305.78, 279.85
300, 5590.09, 0.03, 5586.81, 191.44
420, 2476.60, -2.49, -1971.89, -1498.41
3459

60, 15548.56, -1.74, -2549.70, -15338.08
180, 5302.54, 3.06, -5283.92, 444.03
300, 5583.85, -0.00, 5583.83, -15.84
420, 2331.69, -2.61, -2004.31, -1191.43
3459

60, 15626.42, -1.72, -2394.17, -15441.92
180, 5381.24, 3.09, -5375.13, 256.49
300, 5526.22, 0.07, 5513.13, 380.18
420, 2418.08, -2.52, -1969.09, -1403.50
3459

60, 15699.12, -1.71, -2220.42, -15541.31
180, 5354.57, 3.13, -5354.01, 77.46
300, 5650.03, 0.09, 5628.31, 494.96
420, 2294.66, -2.46, -1779.64, -1448.57
3459

60, 15666.30, -1.73, -2510.92, -15463.77
180, 5340.17, 3.07, -5325.87, 390.51
300, 5610.90, 0.02, 5610.26, 84.94
420, 2344.39, -2.60, -2007.97, -1210.06
3459

60, 15793.96, -1.72, -2334.01, -15620.55
180, 5270.02, 3.09, -5262.57, 280.03
300, 5613.07, 0.05, 5604.96, 301.48
420, 2384.93, -2.51, -1926.39, -1406.02
3459

60, 15680.94, -1.76, -2879.11, -15414.36
180, 5372.59, 2.99, -5310.53, 814.25
300, 5531.23, -0.13, 5485.57, -709.21
420, 2323.73, -2.81, -2199.05, -750.93
3458

60, 15714.29, -1.74, -2592.39, -15498.98
180, 5358.37, 3.08, -5348.07, 331.92
300, 5657.68, 0.04, 5652.24, 248.03
420, 2308.23, -2.54, -1902.59, -1306.93
3459

60, 15718.68, -1.76, -2940.78, -15441.14
180, 5325.03, 2.98, -5255.57, 857.30
300, 5569.79, -0.14, 5513.65, -788.78
420, 2313.72, -2.82, -2197.88, -722.94
3458

60, 15765.91, -1.75, -2829.09, -15510.00
180, 5290.38, 3.01, -5244.25, 697.13
300, 5610.02, -0.06, 5599.98, -335.54
420, 2227.01, -2.67, -1982.40, -1014.73
3458

60, 15703.27, -1.77, -3083.14, -15397.62
180, 5321.41, 2.96, -5236.82, 945.05
300, 5541.12, -0.18, 5450.66, -997.15
420, 2321.65, -2.83, -2213.05, -701.75
3458

60, 15749.08, -1.72, -2351.36, -15572.56
180, 5380.85, 3.10, -5377.18, 198.73
300, 5535.65, 0.05, 5527.33, 303.48
420, 2376.65, -2.53, -1945.24, -1365.48
3459

60, 15708.88, -1.77, -3140.45, -15391.77
180, 5478.26, 2.97, -5401.59, 913.35
300, 5524.55, -0.17, 5447.10, -921.82
420, 2314.28, -2.81, -2184.61, -763.79
3458

60, 15618.71, -1.75, -2761.66, -15372.62
180, 5308.92, 3.02, -5272.64, 619.60
300, 5557.15, -0.05, 5550.09, -279.99
420, 2293.55, -2.67, -2048.24, -1032.03
3458

60, 15711.91, -1.76, -2966.49, -15429.32
180, 5301.03, 2.99, -5241.04, 795.24
300, 5517.06, -0.14, 5466.56, -744.81
420, 2360.89, -2.80, -2221.39, -799.51
3458

60, 15560.03, -1.74, -2594.73, -15342.16
180, 5367.56, 3.05, -5345.31, 488.32
300, 5496.89, -0.02, 5496.24, -84.39
420, 2374.25, -2.58, -2014.74, -1256.13
3458

60, 15647.13, -1.74, -2692.49, -15413.73
180, 5400.18, 3.05, -5375.92, 511.33
300, 5470.48, -0.04, 5466.65, -204.67
420, 2298.34, -2.61, -1978.35, -1169.82
3458

60, 15599.75, -1.74, -2650.48, -15372.93
180, 5293.07, 3.04, -5263.35, 560.09
300, 5544.32, 0.00, 5544.32, 6.21
420, 2317.29, -2.65, -2042.33, -1094.86
3458

60, 15592.06, -1.73, -2502.31, -15389.96
180, 5315.72, 3.06, -5298.52, 427.35
300, 5642.12, 0.03, 5638.68, 196.96
420, 2412.25, -2.54, -1994.72, -1356.49
3458

60, 15675.89, -1.71, -2143.64, -15528.63
180, 5338.50, 3.12, -5336.90, 130.65
300, 5588.46, 0.10, 5558.22, 580.57
420, 2352.39, -2.45, -1812.12, -1499.99
3458

60, 15555.11, -1.74, -2597.42, -15336.72
180, 5331.17, 3.05, -5308.89, 486.89
300, 5608.99, 0.01, 5608.60, 65.58
420, 2355.68, -2.57, -1982.36, -1272.59
3458

60, 15522.88, -1.74, -2577.17, -15307.45
180, 5343.76, 3.05, -5322.91, 471.64
300, 5595.66, -0.02, 5594.63, -107.12
420, 2273.83, -2.63, -1985.69, -1107.84
3458

60, 15649.77, -1.72, -2311.92, -15478.06
180, 5351.42, 3.12, -5350.28, 110.30
300, 5546.99, 0.11, 5512.65, 616.23
420, 2319.55, -2.44, -1769.76, -1499.43
3458

60, 15622.57, -1.73, -2475.09, -15425.26
180, 5274.63, 3.06, -5256.38, 438.39
300, 5556.97, -0.01, 5556.68, -56.68
420, 2331.06, -2.61, -2010.36, -1179.94
3458

60, 15552.43, -1.73, -2528.29, -15345.55
180, 5328.61, 3.05, -5306.48, 485.07
300, 5581.53, -0.01, 5581.37, -43.05
420, 2265.35, -2.62, -1961.35, -1133.54
3458

60, 15743.33, -1.75, -2803.66, -15491.67
180, 5318.65, 3.03, -5285.44, 593.45
300, 5476.13, -0.04, 5472.48, -199.74
420, 2415.25, -2.62, -2095.28, -1201.34
3458

60, 15587.88, -1.74, -2679.12, -15355.92
180, 5322.81, 3.05, -5300.77, 483.85
300, 5552.91, 0.00, 5552.86, 24.90
420, 2362.51, -2.62, -2048.15, -1177.51
3458

60, 15653.56, -1.76, -2870.95, -15388.03
180, 5310.62, 2.98, -5243.44, 842.07
300, 5562.07, -0.11, 5529.31, -602.77
420, 2358.49, -2.74, -2174.05, -914.32
3458

60, 15434.28, -1.74, -2657.59, -15203.75
180, 5306.77, 3.01, -5258.20, 716.38
300, 5600.84, -0.07, 5586.90, -394.84
420, 2321.25, -2.70, -2099.81, -989.44
3458

60, 15815.09, -1.74, -2680.83, -15586.22
180, 5306.38, 3.02, -5268.69, 631.29
300, 5507.39, -0.07, 5494.56, -375.76
420, 2278.82, -2.70, -2064.82, -964.13
3458

60, 15643.34, -1.74, -2711.07, -15406.63
180, 5289.93, 3.01, -5246.85, 673.71
300, 5516.39, -0.07, 5503.56, -376.00
420, 2272.56, -2.68, -2036.97, -1007.61
3458

60, 15466.78, -1.74, -2541.95, -15256.47
180, 5371.42, 3.05, -5350.58, 472.73
300, 5641.63, 0.01, 5641.40, 50.45
420, 2391.36, -2.53, -1963.69, -1364.74
3458

60, 15612.03, -1.74, -2678.86, -15380.48
180, 5317.11, 3.02, -5277.37, 648.86
300, 5621.97, -0.08, 5604.37, -444.56
420, 2278.51, -2.72, -2080.66, -928.69
3458

60, 15655.82, -1.74, -2624.71, -15434.23
180, 5301.95, 3.01, -5258.59, 676.69
300, 5527.09, -0.07, 5513.35, -389.48
420, 2295.27, -2.69, -2066.46, -998.99
3458

60, 15467.92, -1.72, -2324.92, -15292.20
180, 5346.77, 3.11, -5343.73, 180.20
300, 5540.38, 0.09, 5516.52, 513.73
420, 2374.21, -2.45, -1826.55, -1516.77
3459

60, 15593.24, -1.75, -2807.34, -15338.45
180, 5250.78, 2.99, -5193.37, 774.38
300, 5551.95, -0.10, 5525.03, -546.07
420, 2288.06, -2.72, -2089.53, -932.26
3458

60, 15684.98, -1.73, -2558.94, -15474.84
180, 5319.65, 3.03, -5283.92, 615.52
300, 5472.16, -0.06, 5461.75, -337.30
420, 2249.77, -2.65, -1988.22, -1052.84
3458

60, 15559.05, -1.75, -2712.37, -15320.80
180, 5264.32, 3.01, -5215.82, 712.93
300, 5597.47, -0.09, 5575.36, -497.03
420, 2373.33, -2.70, -2147.54, -1010.34
3458

60, 15659.32, -1.76, -2921.20, -15384.44
180, 5330.43, 3.00, -5275.60, 762.54
300, 5563.78, -0.09, 5543.18, -478.30
420, 2311.63, -2.73, -2117.01, -928.37
3458

60, 15590.17, -1.76, -2873.26, -15323.11
180, 5272.85, 2.99, -5215.34, 776.70
300, 5551.65, -0.11, 5520.23, -589.84
420, 2383.90, -2.72, -2177.70, -969.85
3458

60, 15627.27, -1.75, -2782.77, -15377.51
180, 5291.62, 3.03, -5256.84, 605.64
300, 5638.31, -0.04, 5633.07, -243.00
420, 2386.39, -2.66, -2115.25, -1104.78
3458

60, 15514.66, -1.75, -2710.13, -15276.12
180, 5253.30, 3.01, -5210.70, 667.67
300, 5616.19, -0.06, 5605.47, -346.88
420, 2379.03, -2.66, -2111.06, -1096.92
3458

60, 15712.50, -1.75, -2755.61, -15468.98
180, 5314.77, 3.02, -5275.24, 646.99
300, 5565.41, -0.06, 5554.25, -352.13
420, 2357.99, -2.69, -2121.26, -1029.73
3458

60, 15589.64, -1.74, -2608.94, -15369.78
180, 5250.67, 3.02, -5214.06, 618.93
300, 5575.36, -0.04, 5569.79, -249.25
420, 2337.68, -2.66, -2067.79, -1090.40
3458

60, 15649.33, -1.74, -2633.08, -15426.23
180, 5313.13, 3.03, -5280.33, 589.48
300, 5531.21, -0.03, 5529.24, -147.62
420, 2280.80, -2.65, -2005.37, -1086.53
3458

60, 15501.27, -1.75, -2697.12, -15264.83
180, 5289.49, 3.02, -5251.35, 634.05
300, 5609.61, -0.06, 5599.62, -334.78
420, 2334.81, -2.67, -2076.32, -1067.81
3458

60, 15604.97, -1.74, -2552.51, -15394.80
180, 5271.22, 3.03, -5239.36, 578.65
300, 5527.72, -0.03, 5525.87, -142.81
420, 2270.23, -2.63, -1982.29, -1106.57
3458

60, 15709.38, -1.74, -2596.04, -15493.40
180, 5290.27, 3.03, -5259.13, 573.10
300, 5541.86, -0.02, 5540.29, -132.19
420, 2275.51, -2.65, -2008.09, -1070.30
3458

60, 15650.35, -1.72, -2284.56, -15482.71
180, 5324.35, 3.11, -5321.65, 169.43
300, 5543.48, 0.07, 5529.12, 398.82
420, 2307.88, -2.47, -1812.87, -1428.22
3458

60, 15714.20, -1.74, -2699.45, -15480.60
180, 5344.89, 3.04, -5314.79, 566.41
300, 5478.84, -0.04, 5474.69, -213.11
420, 2346.59, -2.69, -2108.04, -1030.85
3458

60, 15627.17, -1.74, -2575.45, -15413.49
180, 5348.57, 3.03, -5313.64, 610.28
300, 5548.68, -0.06, 5539.95, -311.22
420, 2293.48, -2.65, -2020.43, -1085.31
3458

60, 15579.58, -1.73, -2475.21, -15381.70
180, 5376.18, 3.06, -5359.30, 425.77
300, 5614.68, -0.00, 5614.67, -11.81
420, 2316.88, -2.54, -1910.45, -1310.76
3458

60, 15647.21, -1.74, -2597.75, -15430.07
180, 5302.92, 3.03, -5271.19, 579.27
300, 5588.70, 0.01, 5588.13, 80.11
420, 2249.52, -2.59, -1919.78, -1172.51
3458

60, 15606.64, -1.72, -2380.20, -15424.07
180, 5323.10, 3.07, -5308.80, 389.98
300, 5579.47, 0.06, 5570.03, 324.36
420, 2224.23, -2.54, -1832.50, -1260.61
3458

60, 15690.51, -1.72, -2360.92, -15511.88
180, 5327.64, 3.08, -5318.91, 304.79
300, 5597.40, 0.08, 5580.18, 438.67
420, 2288.83, -2.50, -1830.64, -1373.87
3458

60, 15546.09, -1.73, -2448.90, -15351.99
180, 5383.00, 3.08, -5372.11, 342.21
300, 5508.22, 0.03, 5505.52, 172.52
420, 2339.59, -2.57, -1968.11, -1265.00
3458

60, 15523.05, -1.74, -2625.42, -15299.42
180, 5362.97, 3.05, -5339.02, 506.33
300, 5542.89, -0.03, 5540.21, -172.25
420, 2377.44, -2.66, -2112.15, -1091.35
3458

60, 15589.99, -1.74, -2573.17, -15376.17
180, 5303.59, 3.01, -5257.54, 697.36
300, 5535.09, -0.08, 5518.69, -425.89
420, 2237.32, -2.71, -2034.65, -930.50
3458

60, 15496.47, -1.75, -2803.54, -15240.76
180, 5307.72, 3.02, -5270.22, 629.78
300, 5652.26, -0.07, 5639.52, -379.37
420, 2403.13, -2.68, -2146.67, -1080.20
3458

60, 15511.36, -1.75, -2698.36, -15274.85
180, 5390.28, 2.99, -5328.30, 815.04
300, 5453.73, -0.11, 5422.89, -579.09
420, 2229.08, -2.75, -2056.33, -860.41
3458

60, 15566.84, -1.75, -2748.13, -15322.34
180, 5317.40, 3.02, -5275.65, 665.09
300, 5489.85, -0.06, 5481.01, -311.35
420, 2316.73, -2.72, -2110.78, -954.90
3458

60, 15646.31, -1.76, -2953.09, -15365.10
180, 5334.74, 2.97, -5253.32, 928.47
300, 5483.16, -0.12, 5440.82, -680.11
420, 2263.62, -2.79, -2128.51, -770.33
3458

60, 15627.64, -1.75, -2775.38, -15379.22
180, 5276.85, 3.00, -5226.66, 726.11
300, 5551.01, -0.08, 5534.02, -433.90
420, 2259.29, -2.70, -2045.90, -958.48
3458

60, 15619.89, -1.74, -2567.75, -15407.39
180, 5375.25, 3.05, -5354.68, 469.79
300, 5536.00, 0.00, 5535.98, 15.65
420, 2245.25, -2.66, -1988.53, -1042.55
3458

60, 15578.39, -1.72, -2293.01, -15408.71
180, 5390.64, 3.12, -5389.42, 114.71
300, 5456.77, 0.08, 5437.61, 456.83
420, 2442.30, -2.49, -1948.23, -1472.83
3459

60, 15542.23, -1.75, -2817.88, -15284.65
180, 5323.65, 3.00, -5271.52, 743.21
300, 5575.32, -0.11, 5543.93, -590.77
420, 2317.29, -2.73, -2119.84, -936.01
3458

60, 15702.22, -1.75, -2867.31, -15438.21
180, 5289.07, 3.00, -5233.58, 764.14
300, 5507.77, -0.11, 5475.12, -598.81
420, 2338.57, -2.75, -2157.83, -901.51
3458

60, 15528.36, -1.73, -2417.64, -15339.00
180, 5414.35, 3.10, -5410.32, 208.92
300, 5562.13, 0.07, 5550.07, 365.94
420, 2354.64, -2.52, -1918.74, -1364.83
3459

60, 15507.88, -1.72, -2251.73, -15343.54
180, 5334.32, 3.11, -5330.79, 194.18
300, 5588.84, 0.08, 5570.63, 450.89
420, 2258.00, -2.50, -1814.45, -1343.99
3459

60, 15519.46, -1.72, -2343.97, -15341.43
180, 5379.66, 3.07, -5367.34, 363.94
300, 5600.38, 0.04, 5594.99, 245.70
420, 2213.28, -2.57, -1861.76, -1196.84
3459

60, 15607.58, -1.72, -2366.94, -15427.06
180, 5310.63, 3.08, -5302.12, 300.55
300, 5585.18, 0.06, 5574.50, 345.25
420, 2187.52, -2.51, -1768.04, -1288.13
3459

60, 15527.56, -1.73, -2464.32, -15330.76
180, 5276.44, 3.04, -5251.41, 513.34
300, 5567.86, -0.03, 5564.62, -190.01
420, 2299.04, -2.63, -2000.54, -1132.89
3458

60, 15628.94, -1.76, -2915.66, -15354.57
180, 5324.24, 2.98, -5254.55, 858.63
300, 5498.40, -0.12, 5456.93, -674.03
420, 2248.25, -2.80, -2117.26, -756.18
3458

60, 15537.25, -1.76, -2923.60, -15259.71
180, 5379.87, 3.00, -5323.60, 776.11
300, 5496.54, -0.09, 5472.95, -508.75
420, 2313.78, -2.73, -2120.38, -926.04
3458

60, 15520.28, -1.75, -2726.61, -15278.89
180, 5308.82, 3.02, -5269.89, 641.73
300, 5661.14, -0.04, 5656.23, -235.56
420, 2414.92, -2.64, -2111.70, -1171.57
3458

60, 15619.46, -1.74, -2610.02, -15399.85
180, 5331.74, 3.04, -5301.77, 564.45
300, 5518.89, -0.03, 5515.91, -181.51
420, 2246.84, -2.64, -1974.54, -1072.14
3458

60, 15563.16, -1.75, -2813.93, -15306.66
180, 5345.68, 3.01, -5300.66, 692.29
300, 5602.63, -0.10, 5573.69, -568.74
420, 2347.52, -2.72, -2145.56, -952.59
3458

60, 15512.87, -1.76, -2895.39, -15240.27
180, 5293.38, 2.98, -5225.39, 845.68
300, 5587.93, -0.11, 5554.31, -612.00
420, 2348.17, -2.74, -2165.82, -907.26
3458

60, 15591.52, -1.74, -2570.45, -15378.17
180, 5277.16, 3.04, -5249.18, 542.69
300, 5538.49, -0.03, 5536.10, -162.78
420, 2309.38, -2.65, -2032.70, -1096.05
3458

60, 15589.28, -1.75, -2830.66, -15330.13
180, 5369.19, 3.02, -5331.18, 637.74
300, 5560.75, -0.06, 5549.22, -358.01
420, 2389.72, -2.63, -2085.41, -1166.99
3458

60, 15593.83, -1.75, -2845.08, -15332.10
180, 5296.51, 3.00, -5243.21, 749.52
300, 5547.56, -0.08, 5531.85, -417.16
420, 2362.47, -2.71, -2142.53, -995.40
3458

60, 15623.19, -1.76, -2912.56, -15349.30
180, 5311.86, 2.97, -5238.26, 881.22
300, 5443.60, -0.14, 5387.59, -778.85
420, 2287.57, -2.81, -2159.97, -753.32
3458

60, 15599.14, -1.77, -3097.82, -15288.45
180, 5273.72, 2.93, -5154.34, 1115.75
300, 5475.59, -0.20, 5367.94, -1080.38
420, 2297.17, -2.88, -2219.28, -593.11
3458

60, 15569.95, -1.76, -2929.42, -15291.89
180, 5290.74, 2.97, -5209.11, 925.81
300, 5522.46, -0.17, 5446.62, -912.04
420, 2300.80, -2.83, -2188.20, -710.94
3458

60, 15627.07, -1.71, -2157.22, -15477.46
180, 5426.25, -3.13, -5425.99, -53.58
300, 5568.82, 0.12, 5528.17, 671.64
420, 2365.14, -2.38, -1710.58, -1633.33
3459

60, 15557.08, -1.73, -2427.25, -15366.56
180, 5311.68, 3.06, -5292.34, 452.86
300, 5561.34, 0.01, 5560.95, 65.60
420, 2279.02, -2.55, -1893.59, -1268.18
3459

60, 15528.93, -1.72, -2244.78, -15365.83
180, 5259.43, 3.09, -5251.49, 289.00
300, 5640.58, 0.05, 5632.19, 307.51
420, 2365.65, -2.52, -1921.69, -1379.64
3459

60, 15619.71, -1.73, -2476.77, -15422.10
180, 5354.75, 3.08, -5343.95, 339.93
300, 5512.42, 0.02, 5511.75, 85.59
420, 2377.34, -2.56, -1992.50, -1296.80
3459

60, 15566.00, -1.72, -2374.83, -15383.77
180, 5382.46, 3.10, -5377.01, 242.26
300, 5592.08, 0.05, 5584.77, 285.79
420, 2358.94, -2.54, -1942.81, -1337.95
3459

